<?xml version="1.0" encoding="UTF-8"?>
<kml xmlns="http://www.opengis.net/kml/2.2" xmlns:gx="http://www.google.com/kml/ext/2.2">
    <Document id="102637">
        <name>KIM Analysis – 13-08-2026</name>
        <description>Select a Shift folder in Google Earth to toggle visibility.</description>
        <Folder id="102638">
            <name>Shift 1</name>
            <visibility>1</visibility>
            <Folder id="102639">
                <Style id="102644">
                    <LineStyle id="102645">
                        <color>ff0000ff</color>
                        <colorMode>normal</colorMode>
                        <width>1.5</width>
                    </LineStyle>
                </Style>
                <Style id="102652">
                    <LineStyle id="102653">
                        <color>ff0000ff</color>
                        <colorMode>normal</colorMode>
                        <width>1.5</width>
                    </LineStyle>
                </Style>
                <Style id="102660">
                    <LineStyle id="102661">
                        <color>ff0000ff</color>
                        <colorMode>normal</colorMode>
                        <width>1.5</width>
                    </LineStyle>
                </Style>
                <name>Continuous Elevations</name>
                <Placemark id="102643">
                    <name>Shift 1_P0_Climb0</name>
                    <description>Shift: Shift 1
Type: Continuous Climb
Length: 79.5 m
Gradient: 13.7 %</description>
                    <styleUrl>#102644</styleUrl>
                    <LineString id="102642">
                        <extrude>1</extrude>
                        <altitudeMode>relativeToGround</altitudeMode>
                        <coordinates>85.48407633299642,22.129970664629337,3.0 85.48407950035559,22.12996883342683,3.0 85.48408099991333,22.129965496429513,3.0 85.48408016685818,22.129968333817374,3.0 85.4840769999673,22.129969668256308,3.0 85.48407633372781,22.12996932787877,3.0 85.48407733320629,22.129963168207603,3.0 85.48407700041267,22.129959660644523,3.0 85.48407699984776,22.129960166439364,3.0 85.48407483293825,22.129958827619475,3.0 85.4840751664556,22.12995782814925,3.0 85.48408149965633,22.129964001735278,3.0 85.48413433285671,22.130023002685263,3.0 85.48422150038523,22.130061828564003,3.0 85.48431316623129,22.13007083590239,3.0 85.48438583317558,22.13001349726395,3.0 85.48446966699824,22.129940663768895,3.0 85.48455333311281,22.129893832216755,3.0 85.48462100036065,22.129864329274756,3.0 85.48469649962162,22.12984416600119,3.0</coordinates>
                    </LineString>
                </Placemark>
                <Placemark id="102651">
                    <name>Shift 1_P0_Climb2</name>
                    <description>Shift: Shift 1
Type: Continuous Climb
Length: 19.6 m
Gradient: 64.9 %</description>
                    <styleUrl>#102652</styleUrl>
                    <LineString id="102650">
                        <extrude>1</extrude>
                        <altitudeMode>relativeToGround</altitudeMode>
                        <coordinates>85.48475549968684,22.129835997750213,3.0 85.48479200009419,22.129832994723493,3.0 85.48481349975958,22.12983249884592,3.0 85.48483050004388,22.12982966702989,3.0 85.48483816705087,22.129827335656014,3.0 85.48484833322988,22.129827999059078,3.0 85.48485933317873,22.129824668960694,3.0 85.48486866693362,22.129821495004485,3.0 85.48488250047707,22.129821162786055,3.0 85.48489733344965,22.129821833380493,3.0 85.48491033340574,22.129822667600468,3.0 85.48492166707199,22.129823666994145,3.0 85.48492816687535,22.1298233299174,3.0 85.48492916623897,22.12982016891086,3.0 85.48492866627821,22.129818330743888,3.0 85.48492999986512,22.129819996006457,3.0 85.48493049994141,22.129819829037856,3.0 85.48493766634729,22.129819163959333,3.0</coordinates>
                    </LineString>
                </Placemark>
                <Placemark id="102659">
                    <name>Shift 1_P0_Climb4</name>
                    <description>Shift: Shift 1
Type: Continuous Climb
Length: 40.6 m
Gradient: 44.3 %</description>
                    <styleUrl>#102660</styleUrl>
                    <LineString id="102658">
                        <extrude>1</extrude>
                        <altitudeMode>relativeToGround</altitudeMode>
                        <coordinates>85.48494949955831,22.129816329325788,3.0 85.48499966646084,22.129814835034168,3.0 85.48503016636063,22.12984616163846,3.0 85.48504200040158,22.129868996368696,3.0 85.48506166668929,22.129891000584067,3.0 85.48507016705659,22.12991816689588,3.0 85.48509016672887,22.129957497861454,3.0 85.48510366707704,22.129987329904495,3.0 85.48511466700423,22.1300241657486,3.0 85.48511600037884,22.130049332655332,3.0 85.48512400023907,22.130075166593457,3.0 85.48512350031842,22.130088827592214,3.0 85.48511449962432,22.13010183163009,3.0</coordinates>
                    </LineString>
                </Placemark>
            </Folder>
            <Folder id="102640">
                <Style id="102648">
                    <LineStyle id="102649">
                        <color>ff008000</color>
                        <colorMode>normal</colorMode>
                        <width>1.5</width>
                    </LineStyle>
                </Style>
                <Style id="102656">
                    <LineStyle id="102657">
                        <color>ff008000</color>
                        <colorMode>normal</colorMode>
                        <width>1.5</width>
                    </LineStyle>
                </Style>
                <name>Plan Paths (Roads)</name>
                <Placemark id="102647">
                    <name>Shift 1_P0_Flat1</name>
                    <description>Shift: Shift 1
Type: Plan Path
Length: 6.2 m</description>
                    <styleUrl>#102648</styleUrl>
                    <LineString id="102646">
                        <altitudeMode>relativeToGround</altitudeMode>
                        <coordinates>85.48469649962162,22.12984416600119,3.0 85.48475549968684,22.129835997750213,3.0</coordinates>
                    </LineString>
                </Placemark>
                <Placemark id="102655">
                    <name>Shift 1_P0_Flat3</name>
                    <description>Shift: Shift 1
Type: Plan Path
Length: 1.3 m</description>
                    <styleUrl>#102656</styleUrl>
                    <LineString id="102654">
                        <altitudeMode>relativeToGround</altitudeMode>
                        <coordinates>85.48493766634729,22.129819163959333,3.0 85.48494949955831,22.129816329325788,3.0</coordinates>
                    </LineString>
                </Placemark>
            </Folder>
            <Folder id="102641">
                <name>Detected Bumps (Hazards)</name>
            </Folder>
        </Folder>
        <Folder id="102662">
            <name>Shift 2</name>
            <visibility>1</visibility>
            <Folder id="102663">
                <Style id="102668">
                    <LineStyle id="102669">
                        <color>ff0000ff</color>
                        <colorMode>normal</colorMode>
                        <width>1.5</width>
                    </LineStyle>
                </Style>
                <Style id="102676">
                    <LineStyle id="102677">
                        <color>ff0000ff</color>
                        <colorMode>normal</colorMode>
                        <width>1.5</width>
                    </LineStyle>
                </Style>
                <Style id="102680">
                    <LineStyle id="102681">
                        <color>ff0000ff</color>
                        <colorMode>normal</colorMode>
                        <width>1.5</width>
                    </LineStyle>
                </Style>
                <Style id="102684">
                    <LineStyle id="102685">
                        <color>ff0000ff</color>
                        <colorMode>normal</colorMode>
                        <width>1.5</width>
                    </LineStyle>
                </Style>
                <name>Continuous Elevations</name>
                <Placemark id="102667">
                    <name>Shift 2_P0_Climb0</name>
                    <description>Shift: Shift 2
Type: Continuous Climb
Length: 103.1 m
Gradient: 25.0 %</description>
                    <styleUrl>#102668</styleUrl>
                    <LineString id="102666">
                        <extrude>1</extrude>
                        <altitudeMode>relativeToGround</altitudeMode>
                        <coordinates>85.48483033367147,22.12993750028462,3.0 85.48486016683235,22.12990816083263,3.0 85.48485233298292,22.129895000526812,3.0 85.484822000028,22.129903994943334,3.0 85.4847743330876,22.129924994728224,3.0 85.48478166707984,22.12993150273703,3.0 85.48480266651565,22.129959832829247,3.0 85.4848286663283,22.13001399611933,3.0 85.48488166634418,22.13009650003657,3.0 85.4849413328821,22.130176500694674,3.0 85.48499766703912,22.130193995040255,3.0 85.48504216710263,22.13021449560914,3.0 85.48506266717338,22.130248827413837,3.0 85.4851075003378,22.130308169290487,3.0 85.48511033368007,22.130333494633646,3.0 85.4851464995101,22.130386000004226,3.0 85.48519100029765,22.13046283404471,3.0 85.4852306670984,22.130544328957395,3.0 85.48522766633482,22.1305666647026,3.0</coordinates>
                    </LineString>
                </Placemark>
                <Placemark id="102675">
                    <name>Shift 2_P0_Climb2</name>
                    <description>Shift: Shift 2
Type: Continuous Climb
Length: 87.4 m
Gradient: 86.3 %</description>
                    <styleUrl>#102676</styleUrl>
                    <LineString id="102674">
                        <extrude>1</extrude>
                        <altitudeMode>relativeToGround</altitudeMode>
                        <coordinates>85.48528899965696,22.130613668219507,3.0 85.48535300003377,22.130678164640216,3.0 85.48536999991366,22.13072833341005,3.0 85.48537400009634,22.130753335389528,3.0 85.48538658341418,22.130756333424358,3.0 85.48537849949153,22.13076900276144,3.0 85.48537883383176,22.130764661401386,3.0 85.48537099955236,22.13075733588051,3.0 85.48535666678782,22.130724831647246,3.0 85.48534483360736,22.13068349910643,3.0 85.48533566712533,22.130635661071302,3.0 85.48534633373875,22.13059432960472,3.0 85.48531799972814,22.130572669486124,3.0 85.48527349994995,22.1305793286558,3.0 85.4852511670556,22.13057133566904,3.0 85.48524016665125,22.130550586082567,3.0 85.48523166646153,22.130541167949186,3.0 85.48522183342594,22.13053182776617,3.0 85.48520799996437,22.13054066829351,3.0 85.4851963330472,22.130560493955127,3.0 85.48517483353653,22.130589161145945,3.0 85.48516783379551,22.13062283124497,3.0 85.48516483317819,22.130651498524607,3.0 85.48514333347853,22.13063258435877,3.0 85.48513900014447,22.130606829614887,3.0 85.48514199963749,22.130593498910777,3.0 85.48514016623614,22.130589164527052,3.0 85.48514766710282,22.130595665038086,3.0 85.48515633291561,22.13058016501958,3.0 85.48515200016236,22.13057366681853,3.0 85.48515383330383,22.130564335561406,3.0 85.48515783377347,22.130563830764295,3.0 85.48516833335016,22.13056650238109,3.0</coordinates>
                    </LineString>
                </Placemark>
                <Placemark id="102679">
                    <name>Shift 2_P1_Climb3</name>
                    <description>Shift: Shift 2
Type: Continuous Climb
Length: 45.1 m
Gradient: 134.1 %</description>
                    <styleUrl>#102680</styleUrl>
                    <LineString id="102678">
                        <extrude>1</extrude>
                        <altitudeMode>relativeToGround</altitudeMode>
                        <coordinates>85.48512466617964,22.130636999419583,3.0 85.48513133310905,22.130635995508918,3.0 85.48513500018947,22.13063466569259,3.0 85.48513700008799,22.13063566875962,3.0 85.48514166694883,22.130636669484808,3.0 85.48514499981893,22.130640665532773,3.0 85.48515800005303,22.13064166231776,3.0 85.48516766687003,22.130644335237438,3.0 85.48517399969425,22.13064882880141,3.0 85.48517066669396,22.130648833993874,3.0 85.48516233369382,22.130660498439582,3.0 85.48515483331396,22.130670996433984,3.0 85.48514749973388,22.130678497303453,3.0 85.48515516646178,22.130764500309915,3.0 85.48515733379507,22.1307661642776,3.0 85.48515666646912,22.13076066653832,3.0 85.48515816640324,22.130759831438755,3.0 85.48517366695977,22.13075066316908,3.0 85.48518166668582,22.130736168567786,3.0 85.48517216709647,22.130726831476466,3.0 85.4851574998887,22.130726334051968,3.0 85.48515199982292,22.130714496049357,3.0 85.4851281671523,22.130704330441343,3.0 85.48511000045029,22.1306926638933,3.0 85.48511316679601,22.1307041641101,3.0 85.48512049964019,22.130699996097654,3.0 85.48512266681558,22.130695328529423,3.0 85.4851003330078,22.130698661825097,3.0 85.48509583336183,22.130707498658467,3.0 85.48508449977803,22.130712830809134,3.0 85.48508633300658,22.130712829761453,3.0 85.48508266622244,22.130702164888636,3.0 85.48507850005913,22.130679997457694,3.0</coordinates>
                    </LineString>
                </Placemark>
                <Placemark id="102683">
                    <name>Shift 2_P2_Climb4</name>
                    <description>Shift: Shift 2
Type: Continuous Climb
Length: 445.9 m
Gradient: 49.4 %</description>
                    <styleUrl>#102684</styleUrl>
                    <LineString id="102682">
                        <extrude>1</extrude>
                        <altitudeMode>relativeToGround</altitudeMode>
                        <coordinates>85.48457499957674,22.12982082785225,3.0 85.4844286664067,22.129864828495794,3.0 85.48438049958763,22.12996716702204,3.0 85.48443466700962,22.130104994770694,3.0 85.4844539996932,22.13013833130033,3.0 85.48450899955884,22.130190831048818,3.0 85.48458016628749,22.130225163703482,3.0 85.48463583366726,22.130328827683574,3.0 85.4847061669271,22.130437830329985,3.0 85.48472399971313,22.130524668369056,3.0 85.48477016677974,22.130598329637536,3.0 85.48480933362818,22.130666000817087,3.0 85.4848510000293,22.13078349844593,3.0 85.48491966660686,22.13088566626971,3.0 85.48499316630368,22.131051167180903,3.0 85.48506866665598,22.131168662714646,3.0 85.4850541668267,22.131296829751772,3.0 85.48504366686936,22.131322835184967,3.0 85.48506099978204,22.131323998649805,3.0 85.4851069999679,22.131300165303635,3.0 85.48512850017809,22.13129066435042,3.0 85.48509833302809,22.131237166924077,3.0 85.48503350047956,22.131141330161775,3.0 85.48502966668894,22.13106433165719,3.0 85.48500883378414,22.13097399745105,3.0 85.48497433372238,22.130872327476858,3.0 85.48490566672885,22.13079050006329,3.0 85.484810499737,22.130639999063227,3.0 85.48470166701571,22.13046599594133,3.0 85.48458116619807,22.130265998285832,3.0 85.48448649970764,22.130083997644558,3.0 85.48441516716267,22.129921994038835,3.0 85.48436966701941,22.1298156605747,3.0 85.48436183369773,22.129746997719078,3.0 85.4843595004543,22.12971816350765,3.0 85.48436050006842,22.129708002594732,3.0 85.48429950001159,22.129646496226304,3.0 85.48416583327094,22.129568662248282,3.0 85.48413933334575,22.129567160657906,3.0 85.48412650000158,22.12958799604079,3.0 85.48408116691434,22.129596001979817,3.0 85.48405833350542,22.129573832755447,3.0 85.48405199987675,22.129577666781433,3.0 85.48405033337566,22.12958899567617,3.0 85.48406216672402,22.129590496537606,3.0</coordinates>
                    </LineString>
                </Placemark>
            </Folder>
            <Folder id="102664">
                <Style id="102672">
                    <LineStyle id="102673">
                        <color>ff008000</color>
                        <colorMode>normal</colorMode>
                        <width>1.5</width>
                    </LineStyle>
                </Style>
                <name>Plan Paths (Roads)</name>
                <Placemark id="102671">
                    <name>Shift 2_P0_Flat1</name>
                    <description>Shift: Shift 2
Type: Plan Path
Length: 8.2 m</description>
                    <styleUrl>#102672</styleUrl>
                    <LineString id="102670">
                        <altitudeMode>relativeToGround</altitudeMode>
                        <coordinates>85.48522766633482,22.1305666647026,3.0 85.48528899965696,22.130613668219507,3.0</coordinates>
                    </LineString>
                </Placemark>
            </Folder>
            <Folder id="102665">
                <name>Detected Bumps (Hazards)</name>
            </Folder>
        </Folder>
        <Folder id="102686">
            <name>Shift 3</name>
            <visibility>1</visibility>
            <Folder id="102687">
                <Style id="102692">
                    <LineStyle id="102693">
                        <color>ff0000ff</color>
                        <colorMode>normal</colorMode>
                        <width>1.5</width>
                    </LineStyle>
                </Style>
                <Style id="102700">
                    <LineStyle id="102701">
                        <color>ff00ffff</color>
                        <colorMode>normal</colorMode>
                        <width>1.5</width>
                    </LineStyle>
                </Style>
                <Style id="102708">
                    <LineStyle id="102709">
                        <color>ff008000</color>
                        <colorMode>normal</colorMode>
                        <width>1.5</width>
                    </LineStyle>
                </Style>
                <Style id="102716">
                    <LineStyle id="102717">
                        <color>ff008000</color>
                        <colorMode>normal</colorMode>
                        <width>1.5</width>
                    </LineStyle>
                </Style>
                <Style id="102724">
                    <LineStyle id="102725">
                        <color>ff00ffff</color>
                        <colorMode>normal</colorMode>
                        <width>1.5</width>
                    </LineStyle>
                </Style>
                <Style id="102732">
                    <LineStyle id="102733">
                        <color>ff0000ff</color>
                        <colorMode>normal</colorMode>
                        <width>1.5</width>
                    </LineStyle>
                </Style>
                <Style id="102740">
                    <LineStyle id="102741">
                        <color>ff0000ff</color>
                        <colorMode>normal</colorMode>
                        <width>1.5</width>
                    </LineStyle>
                </Style>
                <Style id="102748">
                    <LineStyle id="102749">
                        <color>ff0000ff</color>
                        <colorMode>normal</colorMode>
                        <width>1.5</width>
                    </LineStyle>
                </Style>
                <Style id="102752">
                    <LineStyle id="102753">
                        <color>ff0000ff</color>
                        <colorMode>normal</colorMode>
                        <width>1.5</width>
                    </LineStyle>
                </Style>
                <Style id="102760">
                    <LineStyle id="102761">
                        <color>ff008000</color>
                        <colorMode>normal</colorMode>
                        <width>1.5</width>
                    </LineStyle>
                </Style>
                <Style id="102768">
                    <LineStyle id="102769">
                        <color>ff00ffff</color>
                        <colorMode>normal</colorMode>
                        <width>1.5</width>
                    </LineStyle>
                </Style>
                <Style id="102776">
                    <LineStyle id="102777">
                        <color>ff0000ff</color>
                        <colorMode>normal</colorMode>
                        <width>1.5</width>
                    </LineStyle>
                </Style>
                <Style id="102784">
                    <LineStyle id="102785">
                        <color>ff00ffff</color>
                        <colorMode>normal</colorMode>
                        <width>1.5</width>
                    </LineStyle>
                </Style>
                <Style id="102792">
                    <LineStyle id="102793">
                        <color>ff008000</color>
                        <colorMode>normal</colorMode>
                        <width>1.5</width>
                    </LineStyle>
                </Style>
                <Style id="102800">
                    <LineStyle id="102801">
                        <color>ff008000</color>
                        <colorMode>normal</colorMode>
                        <width>1.5</width>
                    </LineStyle>
                </Style>
                <Style id="102808">
                    <LineStyle id="102809">
                        <color>ff00ffff</color>
                        <colorMode>normal</colorMode>
                        <width>1.5</width>
                    </LineStyle>
                </Style>
                <Style id="102816">
                    <LineStyle id="102817">
                        <color>ff008000</color>
                        <colorMode>normal</colorMode>
                        <width>1.5</width>
                    </LineStyle>
                </Style>
                <Style id="102824">
                    <LineStyle id="102825">
                        <color>ff008000</color>
                        <colorMode>normal</colorMode>
                        <width>1.5</width>
                    </LineStyle>
                </Style>
                <Style id="102832">
                    <LineStyle id="102833">
                        <color>ff008000</color>
                        <colorMode>normal</colorMode>
                        <width>1.5</width>
                    </LineStyle>
                </Style>
                <Style id="102840">
                    <LineStyle id="102841">
                        <color>ff008000</color>
                        <colorMode>normal</colorMode>
                        <width>1.5</width>
                    </LineStyle>
                </Style>
                <Style id="102848">
                    <LineStyle id="102849">
                        <color>ff00ffff</color>
                        <colorMode>normal</colorMode>
                        <width>1.5</width>
                    </LineStyle>
                </Style>
                <Style id="102856">
                    <LineStyle id="102857">
                        <color>ff008000</color>
                        <colorMode>normal</colorMode>
                        <width>1.5</width>
                    </LineStyle>
                </Style>
                <Style id="102864">
                    <LineStyle id="102865">
                        <color>ff008000</color>
                        <colorMode>normal</colorMode>
                        <width>1.5</width>
                    </LineStyle>
                </Style>
                <Style id="102872">
                    <LineStyle id="102873">
                        <color>ff008000</color>
                        <colorMode>normal</colorMode>
                        <width>1.5</width>
                    </LineStyle>
                </Style>
                <Style id="102880">
                    <LineStyle id="102881">
                        <color>ff008000</color>
                        <colorMode>normal</colorMode>
                        <width>1.5</width>
                    </LineStyle>
                </Style>
                <Style id="102888">
                    <LineStyle id="102889">
                        <color>ff008000</color>
                        <colorMode>normal</colorMode>
                        <width>1.5</width>
                    </LineStyle>
                </Style>
                <Style id="102896">
                    <LineStyle id="102897">
                        <color>ff008000</color>
                        <colorMode>normal</colorMode>
                        <width>1.5</width>
                    </LineStyle>
                </Style>
                <Style id="102904">
                    <LineStyle id="102905">
                        <color>ff008000</color>
                        <colorMode>normal</colorMode>
                        <width>1.5</width>
                    </LineStyle>
                </Style>
                <Style id="102912">
                    <LineStyle id="102913">
                        <color>ff008000</color>
                        <colorMode>normal</colorMode>
                        <width>1.5</width>
                    </LineStyle>
                </Style>
                <Style id="102920">
                    <LineStyle id="102921">
                        <color>ff008000</color>
                        <colorMode>normal</colorMode>
                        <width>1.5</width>
                    </LineStyle>
                </Style>
                <Style id="102928">
                    <LineStyle id="102929">
                        <color>ff00ffff</color>
                        <colorMode>normal</colorMode>
                        <width>1.5</width>
                    </LineStyle>
                </Style>
                <Style id="102936">
                    <LineStyle id="102937">
                        <color>ff008000</color>
                        <colorMode>normal</colorMode>
                        <width>1.5</width>
                    </LineStyle>
                </Style>
                <Style id="102944">
                    <LineStyle id="102945">
                        <color>ff008000</color>
                        <colorMode>normal</colorMode>
                        <width>1.5</width>
                    </LineStyle>
                </Style>
                <Style id="102952">
                    <LineStyle id="102953">
                        <color>ff00ffff</color>
                        <colorMode>normal</colorMode>
                        <width>1.5</width>
                    </LineStyle>
                </Style>
                <Style id="102960">
                    <LineStyle id="102961">
                        <color>ff00ffff</color>
                        <colorMode>normal</colorMode>
                        <width>1.5</width>
                    </LineStyle>
                </Style>
                <Style id="102968">
                    <LineStyle id="102969">
                        <color>ff008000</color>
                        <colorMode>normal</colorMode>
                        <width>1.5</width>
                    </LineStyle>
                </Style>
                <Style id="102976">
                    <LineStyle id="102977">
                        <color>ff008000</color>
                        <colorMode>normal</colorMode>
                        <width>1.5</width>
                    </LineStyle>
                </Style>
                <Style id="102984">
                    <LineStyle id="102985">
                        <color>ff008000</color>
                        <colorMode>normal</colorMode>
                        <width>1.5</width>
                    </LineStyle>
                </Style>
                <Style id="102992">
                    <LineStyle id="102993">
                        <color>ff00ffff</color>
                        <colorMode>normal</colorMode>
                        <width>1.5</width>
                    </LineStyle>
                </Style>
                <Style id="103000">
                    <LineStyle id="103001">
                        <color>ff008000</color>
                        <colorMode>normal</colorMode>
                        <width>1.5</width>
                    </LineStyle>
                </Style>
                <Style id="103008">
                    <LineStyle id="103009">
                        <color>ff0000ff</color>
                        <colorMode>normal</colorMode>
                        <width>1.5</width>
                    </LineStyle>
                </Style>
                <Style id="103016">
                    <LineStyle id="103017">
                        <color>ff0000ff</color>
                        <colorMode>normal</colorMode>
                        <width>1.5</width>
                    </LineStyle>
                </Style>
                <Style id="103024">
                    <LineStyle id="103025">
                        <color>ff0000ff</color>
                        <colorMode>normal</colorMode>
                        <width>1.5</width>
                    </LineStyle>
                </Style>
                <Style id="103032">
                    <LineStyle id="103033">
                        <color>ff0000ff</color>
                        <colorMode>normal</colorMode>
                        <width>1.5</width>
                    </LineStyle>
                </Style>
                <Style id="103040">
                    <LineStyle id="103041">
                        <color>ff0000ff</color>
                        <colorMode>normal</colorMode>
                        <width>1.5</width>
                    </LineStyle>
                </Style>
                <Style id="103048">
                    <LineStyle id="103049">
                        <color>ff008000</color>
                        <colorMode>normal</colorMode>
                        <width>1.5</width>
                    </LineStyle>
                </Style>
                <Style id="103056">
                    <LineStyle id="103057">
                        <color>ff0000ff</color>
                        <colorMode>normal</colorMode>
                        <width>1.5</width>
                    </LineStyle>
                </Style>
                <Style id="103064">
                    <LineStyle id="103065">
                        <color>ff0000ff</color>
                        <colorMode>normal</colorMode>
                        <width>1.5</width>
                    </LineStyle>
                </Style>
                <Style id="103072">
                    <LineStyle id="103073">
                        <color>ff0000ff</color>
                        <colorMode>normal</colorMode>
                        <width>1.5</width>
                    </LineStyle>
                </Style>
                <Style id="103080">
                    <LineStyle id="103081">
                        <color>ff0000ff</color>
                        <colorMode>normal</colorMode>
                        <width>1.5</width>
                    </LineStyle>
                </Style>
                <Style id="103088">
                    <LineStyle id="103089">
                        <color>ff0000ff</color>
                        <colorMode>normal</colorMode>
                        <width>1.5</width>
                    </LineStyle>
                </Style>
                <Style id="103096">
                    <LineStyle id="103097">
                        <color>ff0000ff</color>
                        <colorMode>normal</colorMode>
                        <width>1.5</width>
                    </LineStyle>
                </Style>
                <Style id="103104">
                    <LineStyle id="103105">
                        <color>ff0000ff</color>
                        <colorMode>normal</colorMode>
                        <width>1.5</width>
                    </LineStyle>
                </Style>
                <Style id="103112">
                    <LineStyle id="103113">
                        <color>ff008000</color>
                        <colorMode>normal</colorMode>
                        <width>1.5</width>
                    </LineStyle>
                </Style>
                <Style id="103120">
                    <LineStyle id="103121">
                        <color>ff0000ff</color>
                        <colorMode>normal</colorMode>
                        <width>1.5</width>
                    </LineStyle>
                </Style>
                <Style id="103128">
                    <LineStyle id="103129">
                        <color>ff0000ff</color>
                        <colorMode>normal</colorMode>
                        <width>1.5</width>
                    </LineStyle>
                </Style>
                <Style id="103136">
                    <LineStyle id="103137">
                        <color>ff0000ff</color>
                        <colorMode>normal</colorMode>
                        <width>1.5</width>
                    </LineStyle>
                </Style>
                <Style id="103144">
                    <LineStyle id="103145">
                        <color>ff00ffff</color>
                        <colorMode>normal</colorMode>
                        <width>1.5</width>
                    </LineStyle>
                </Style>
                <Style id="103152">
                    <LineStyle id="103153">
                        <color>ff008000</color>
                        <colorMode>normal</colorMode>
                        <width>1.5</width>
                    </LineStyle>
                </Style>
                <Style id="103160">
                    <LineStyle id="103161">
                        <color>ff008000</color>
                        <colorMode>normal</colorMode>
                        <width>1.5</width>
                    </LineStyle>
                </Style>
                <Style id="103168">
                    <LineStyle id="103169">
                        <color>ff008000</color>
                        <colorMode>normal</colorMode>
                        <width>1.5</width>
                    </LineStyle>
                </Style>
                <Style id="103176">
                    <LineStyle id="103177">
                        <color>ff008000</color>
                        <colorMode>normal</colorMode>
                        <width>1.5</width>
                    </LineStyle>
                </Style>
                <Style id="103184">
                    <LineStyle id="103185">
                        <color>ff008000</color>
                        <colorMode>normal</colorMode>
                        <width>1.5</width>
                    </LineStyle>
                </Style>
                <Style id="103192">
                    <LineStyle id="103193">
                        <color>ff008000</color>
                        <colorMode>normal</colorMode>
                        <width>1.5</width>
                    </LineStyle>
                </Style>
                <Style id="103200">
                    <LineStyle id="103201">
                        <color>ff008000</color>
                        <colorMode>normal</colorMode>
                        <width>1.5</width>
                    </LineStyle>
                </Style>
                <Style id="103208">
                    <LineStyle id="103209">
                        <color>ff008000</color>
                        <colorMode>normal</colorMode>
                        <width>1.5</width>
                    </LineStyle>
                </Style>
                <Style id="103220">
                    <LineStyle id="103221">
                        <color>ff0000ff</color>
                        <colorMode>normal</colorMode>
                        <width>1.5</width>
                    </LineStyle>
                </Style>
                <Style id="103228">
                    <LineStyle id="103229">
                        <color>ff008000</color>
                        <colorMode>normal</colorMode>
                        <width>1.5</width>
                    </LineStyle>
                </Style>
                <Style id="103236">
                    <LineStyle id="103237">
                        <color>ff008000</color>
                        <colorMode>normal</colorMode>
                        <width>1.5</width>
                    </LineStyle>
                </Style>
                <Style id="103244">
                    <LineStyle id="103245">
                        <color>ff008000</color>
                        <colorMode>normal</colorMode>
                        <width>1.5</width>
                    </LineStyle>
                </Style>
                <Style id="103252">
                    <LineStyle id="103253">
                        <color>ff00ffff</color>
                        <colorMode>normal</colorMode>
                        <width>1.5</width>
                    </LineStyle>
                </Style>
                <Style id="103260">
                    <LineStyle id="103261">
                        <color>ff008000</color>
                        <colorMode>normal</colorMode>
                        <width>1.5</width>
                    </LineStyle>
                </Style>
                <Style id="103268">
                    <LineStyle id="103269">
                        <color>ff008000</color>
                        <colorMode>normal</colorMode>
                        <width>1.5</width>
                    </LineStyle>
                </Style>
                <Style id="103276">
                    <LineStyle id="103277">
                        <color>ff0000ff</color>
                        <colorMode>normal</colorMode>
                        <width>1.5</width>
                    </LineStyle>
                </Style>
                <Style id="103284">
                    <LineStyle id="103285">
                        <color>ff0000ff</color>
                        <colorMode>normal</colorMode>
                        <width>1.5</width>
                    </LineStyle>
                </Style>
                <Style id="103292">
                    <LineStyle id="103293">
                        <color>ff0000ff</color>
                        <colorMode>normal</colorMode>
                        <width>1.5</width>
                    </LineStyle>
                </Style>
                <Style id="103300">
                    <LineStyle id="103301">
                        <color>ff00ffff</color>
                        <colorMode>normal</colorMode>
                        <width>1.5</width>
                    </LineStyle>
                </Style>
                <Style id="103308">
                    <LineStyle id="103309">
                        <color>ff008000</color>
                        <colorMode>normal</colorMode>
                        <width>1.5</width>
                    </LineStyle>
                </Style>
                <Style id="103320">
                    <LineStyle id="103321">
                        <color>ff008000</color>
                        <colorMode>normal</colorMode>
                        <width>1.5</width>
                    </LineStyle>
                </Style>
                <Style id="103328">
                    <LineStyle id="103329">
                        <color>ff00ffff</color>
                        <colorMode>normal</colorMode>
                        <width>1.5</width>
                    </LineStyle>
                </Style>
                <Style id="103336">
                    <LineStyle id="103337">
                        <color>ff008000</color>
                        <colorMode>normal</colorMode>
                        <width>1.5</width>
                    </LineStyle>
                </Style>
                <Style id="103344">
                    <LineStyle id="103345">
                        <color>ff008000</color>
                        <colorMode>normal</colorMode>
                        <width>1.5</width>
                    </LineStyle>
                </Style>
                <Style id="103352">
                    <LineStyle id="103353">
                        <color>ff008000</color>
                        <colorMode>normal</colorMode>
                        <width>1.5</width>
                    </LineStyle>
                </Style>
                <Style id="103360">
                    <LineStyle id="103361">
                        <color>ff008000</color>
                        <colorMode>normal</colorMode>
                        <width>1.5</width>
                    </LineStyle>
                </Style>
                <Style id="103368">
                    <LineStyle id="103369">
                        <color>ff008000</color>
                        <colorMode>normal</colorMode>
                        <width>1.5</width>
                    </LineStyle>
                </Style>
                <Style id="103376">
                    <LineStyle id="103377">
                        <color>ff008000</color>
                        <colorMode>normal</colorMode>
                        <width>1.5</width>
                    </LineStyle>
                </Style>
                <Style id="103384">
                    <LineStyle id="103385">
                        <color>ff00ffff</color>
                        <colorMode>normal</colorMode>
                        <width>1.5</width>
                    </LineStyle>
                </Style>
                <Style id="103392">
                    <LineStyle id="103393">
                        <color>ff00ffff</color>
                        <colorMode>normal</colorMode>
                        <width>1.5</width>
                    </LineStyle>
                </Style>
                <Style id="103400">
                    <LineStyle id="103401">
                        <color>ff008000</color>
                        <colorMode>normal</colorMode>
                        <width>1.5</width>
                    </LineStyle>
                </Style>
                <Style id="103408">
                    <LineStyle id="103409">
                        <color>ff008000</color>
                        <colorMode>normal</colorMode>
                        <width>1.5</width>
                    </LineStyle>
                </Style>
                <Style id="103416">
                    <LineStyle id="103417">
                        <color>ff00ffff</color>
                        <colorMode>normal</colorMode>
                        <width>1.5</width>
                    </LineStyle>
                </Style>
                <Style id="103424">
                    <LineStyle id="103425">
                        <color>ff0000ff</color>
                        <colorMode>normal</colorMode>
                        <width>1.5</width>
                    </LineStyle>
                </Style>
                <Style id="103432">
                    <LineStyle id="103433">
                        <color>ff0000ff</color>
                        <colorMode>normal</colorMode>
                        <width>1.5</width>
                    </LineStyle>
                </Style>
                <Style id="103440">
                    <LineStyle id="103441">
                        <color>ff00ffff</color>
                        <colorMode>normal</colorMode>
                        <width>1.5</width>
                    </LineStyle>
                </Style>
                <Style id="103448">
                    <LineStyle id="103449">
                        <color>ff008000</color>
                        <colorMode>normal</colorMode>
                        <width>1.5</width>
                    </LineStyle>
                </Style>
                <Style id="103456">
                    <LineStyle id="103457">
                        <color>ff008000</color>
                        <colorMode>normal</colorMode>
                        <width>1.5</width>
                    </LineStyle>
                </Style>
                <Style id="103464">
                    <LineStyle id="103465">
                        <color>ff00ffff</color>
                        <colorMode>normal</colorMode>
                        <width>1.5</width>
                    </LineStyle>
                </Style>
                <Style id="103472">
                    <LineStyle id="103473">
                        <color>ff008000</color>
                        <colorMode>normal</colorMode>
                        <width>1.5</width>
                    </LineStyle>
                </Style>
                <Style id="103480">
                    <LineStyle id="103481">
                        <color>ff008000</color>
                        <colorMode>normal</colorMode>
                        <width>1.5</width>
                    </LineStyle>
                </Style>
                <Style id="103488">
                    <LineStyle id="103489">
                        <color>ff008000</color>
                        <colorMode>normal</colorMode>
                        <width>1.5</width>
                    </LineStyle>
                </Style>
                <Style id="103496">
                    <LineStyle id="103497">
                        <color>ff00ffff</color>
                        <colorMode>normal</colorMode>
                        <width>1.5</width>
                    </LineStyle>
                </Style>
                <Style id="103504">
                    <LineStyle id="103505">
                        <color>ff008000</color>
                        <colorMode>normal</colorMode>
                        <width>1.5</width>
                    </LineStyle>
                </Style>
                <Style id="103512">
                    <LineStyle id="103513">
                        <color>ff008000</color>
                        <colorMode>normal</colorMode>
                        <width>1.5</width>
                    </LineStyle>
                </Style>
                <Style id="103520">
                    <LineStyle id="103521">
                        <color>ff008000</color>
                        <colorMode>normal</colorMode>
                        <width>1.5</width>
                    </LineStyle>
                </Style>
                <Style id="103528">
                    <LineStyle id="103529">
                        <color>ff00ffff</color>
                        <colorMode>normal</colorMode>
                        <width>1.5</width>
                    </LineStyle>
                </Style>
                <Style id="103536">
                    <LineStyle id="103537">
                        <color>ff008000</color>
                        <colorMode>normal</colorMode>
                        <width>1.5</width>
                    </LineStyle>
                </Style>
                <Style id="103544">
                    <LineStyle id="103545">
                        <color>ff008000</color>
                        <colorMode>normal</colorMode>
                        <width>1.5</width>
                    </LineStyle>
                </Style>
                <Style id="103552">
                    <LineStyle id="103553">
                        <color>ff00ffff</color>
                        <colorMode>normal</colorMode>
                        <width>1.5</width>
                    </LineStyle>
                </Style>
                <Style id="103560">
                    <LineStyle id="103561">
                        <color>ff0000ff</color>
                        <colorMode>normal</colorMode>
                        <width>1.5</width>
                    </LineStyle>
                </Style>
                <Style id="103564">
                    <LineStyle id="103565">
                        <color>ff0000ff</color>
                        <colorMode>normal</colorMode>
                        <width>1.5</width>
                    </LineStyle>
                </Style>
                <Style id="103572">
                    <LineStyle id="103573">
                        <color>ff0000ff</color>
                        <colorMode>normal</colorMode>
                        <width>1.5</width>
                    </LineStyle>
                </Style>
                <Style id="103580">
                    <LineStyle id="103581">
                        <color>ff0000ff</color>
                        <colorMode>normal</colorMode>
                        <width>1.5</width>
                    </LineStyle>
                </Style>
                <name>Continuous Elevations</name>
                <Placemark id="102691">
                    <name>Shift 3_P0_Climb0</name>
                    <description>Shift: Shift 3
Type: Continuous Climb
Length: 8.8 m
Gradient: 60.4 %</description>
                    <styleUrl>#102692</styleUrl>
                    <LineString id="102690">
                        <extrude>1</extrude>
                        <altitudeMode>relativeToGround</altitudeMode>
                        <coordinates>85.48406733322766,22.129547334744842,3.0 85.48406833304725,22.129548662724464,3.0 85.48407249958781,22.129549667863422,3.0 85.48407549952103,22.12955333568154,3.0 85.48407750033506,22.129556334873104,3.0 85.48407716709002,22.1295596646393,3.0 85.48407533320967,22.129559999859644,3.0 85.48407366631855,22.129559496641516,3.0 85.4840721665274,22.12956149687952,3.0 85.48407116628859,22.1295679997655,3.0 85.48407000034837,22.129570328261547,3.0 85.48406933295017,22.129572995577476,3.0 85.48406716681652,22.12957149418631,3.0 85.48406483325628,22.129569331893464,3.0 85.48406300020967,22.129568501974738,3.0 85.4840628331506,22.12957016233769,3.0 85.48406300021949,22.12957466189752,3.0 85.48406383345437,22.129577334119457,3.0 85.48406349969994,22.129576996830124,3.0 85.48406483357599,22.12957899629126,3.0 85.48406583319651,22.129580161690463,3.0 85.48406749972223,22.129581333283983,3.0 85.48407233337385,22.12960316371278,3.0</coordinates>
                    </LineString>
                </Placemark>
                <Placemark id="102699">
                    <name>Shift 3_P0_Climb2</name>
                    <description>Shift: Shift 3
Type: Continuous Climb
Length: 148.9 m
Gradient: 7.1 %</description>
                    <styleUrl>#102700</styleUrl>
                    <LineString id="102698">
                        <extrude>1</extrude>
                        <altitudeMode>relativeToGround</altitudeMode>
                        <coordinates>85.48407949972943,22.1296626617869,3.0 85.48409716685978,22.129728336025966,3.0 85.48413133282165,22.129810502652813,3.0 85.48416916700795,22.129898664558365,3.0 85.48419466690173,22.129994000842473,3.0 85.48419883289117,22.13008149779063,3.0 85.48420416676458,22.130166666259395,3.0 85.48422999960307,22.130239497526606,3.0 85.48428833334802,22.130333494885896,3.0 85.4843305004742,22.130411662287695,3.0 85.48434666710203,22.130445168134152,3.0 85.48435633289614,22.130461163504528,3.0 85.48436566632398,22.130472161011827,3.0 85.48437450035448,22.130486161585125,3.0 85.48439216693524,22.130510495665973,3.0 85.48441416702289,22.130544335675452,3.0 85.48444116637951,22.13058516782608,3.0 85.48449183286608,22.130665500543873,3.0 85.48455583349303,22.13076582778253,3.0 85.48463166703095,22.130884663349477,3.0</coordinates>
                    </LineString>
                </Placemark>
                <Placemark id="102707">
                    <name>Shift 3_P0_Climb4</name>
                    <description>Shift: Shift 3
Type: Continuous Climb
Length: 16.8 m
Gradient: 4.2 %</description>
                    <styleUrl>#102708</styleUrl>
                    <LineString id="102706">
                        <extrude>1</extrude>
                        <altitudeMode>relativeToGround</altitudeMode>
                        <coordinates>85.48480183334192,22.131153161243443,3.0 85.4848901669069,22.131280828777577,3.0</coordinates>
                    </LineString>
                </Placemark>
                <Placemark id="102715">
                    <name>Shift 3_P0_Climb6</name>
                    <description>Shift: Shift 3
Type: Continuous Climb
Length: 227.6 m
Gradient: 5.0 %</description>
                    <styleUrl>#102716</styleUrl>
                    <LineString id="102714">
                        <extrude>1</extrude>
                        <altitudeMode>relativeToGround</altitudeMode>
                        <coordinates>85.48552066676065,22.132077499588398,3.0 85.48571183356998,22.13220116234803,3.0 85.4859086669405,22.13232983611978,3.0 85.4860741670481,22.132435999914776,3.0 85.48624050024974,22.132496161516848,3.0 85.48644483295358,22.13253150279121,3.0 85.48664433296047,22.132602331474367,3.0 85.4868603331074,22.132700499684997,3.0 85.48705516632106,22.132786332176465,3.0 85.48724383369397,22.132863662228303,3.0 85.48751050000335,22.132904502533858,3.0</coordinates>
                    </LineString>
                </Placemark>
                <Placemark id="102723">
                    <name>Shift 3_P0_Climb8</name>
                    <description>Shift: Shift 3
Type: Continuous Climb
Length: 197.9 m
Gradient: 7.0 %</description>
                    <styleUrl>#102724</styleUrl>
                    <LineString id="102722">
                        <extrude>1</extrude>
                        <altitudeMode>relativeToGround</altitudeMode>
                        <coordinates>85.48777783367453,22.13295149949019,3.0 85.48806500017064,22.13300699837791,3.0 85.48833766627978,22.13303382987693,3.0 85.4885638333535,22.132994331667465,3.0 85.4886156664422,22.132841328315685,3.0 85.48852733350253,22.132706834315496,3.0 85.48842533331263,22.132535001203987,3.0 85.48829783330548,22.132305162169093,3.0 85.48815750018838,22.132067499735584,3.0</coordinates>
                    </LineString>
                </Placemark>
                <Placemark id="102731">
                    <name>Shift 3_P0_Climb10</name>
                    <description>Shift: Shift 3
Type: Continuous Climb
Length: 57.0 m
Gradient: 14.5 %</description>
                    <styleUrl>#102732</styleUrl>
                    <LineString id="102730">
                        <extrude>1</extrude>
                        <altitudeMode>relativeToGround</altitudeMode>
                        <coordinates>85.48802416649204,22.13191916682472,3.0 85.48785883379195,22.13187633094372,3.0 85.48767816639008,22.13182850253045,3.0 85.48751799957614,22.131728332917405,3.0</coordinates>
                    </LineString>
                </Placemark>
                <Placemark id="102739">
                    <name>Shift 3_P0_Climb12</name>
                    <description>Shift: Shift 3
Type: Continuous Climb
Length: 17.9 m
Gradient: 12.1 %</description>
                    <styleUrl>#102740</styleUrl>
                    <LineString id="102738">
                        <extrude>1</extrude>
                        <altitudeMode>relativeToGround</altitudeMode>
                        <coordinates>85.48699599967057,22.13124716574593,3.0 85.4869218336866,22.13115933595358,3.0 85.48689699969776,22.13111483010342,3.0</coordinates>
                    </LineString>
                </Placemark>
                <Placemark id="102747">
                    <name>Shift 3_P0_Climb14</name>
                    <description>Shift: Shift 3
Type: Continuous Climb
Length: 19.6 m
Gradient: 32.5 %</description>
                    <styleUrl>#102748</styleUrl>
                    <LineString id="102746">
                        <extrude>1</extrude>
                        <altitudeMode>relativeToGround</altitudeMode>
                        <coordinates>85.48682866664711,22.131027668538692,3.0 85.48678633362641,22.130977499846175,3.0 85.48676749957961,22.13094216305082,3.0 85.48674899960061,22.130916665363973,3.0 85.48673583293558,22.130899662188764,3.0 85.48672199952208,22.1308820025154,3.0</coordinates>
                    </LineString>
                </Placemark>
                <Placemark id="102751">
                    <name>Shift 3_P1_Climb15</name>
                    <description>Shift: Shift 3
Type: Continuous Climb
Length: 6.3 m
Gradient: 40.6 %</description>
                    <styleUrl>#102752</styleUrl>
                    <LineString id="102750">
                        <extrude>1</extrude>
                        <altitudeMode>relativeToGround</altitudeMode>
                        <coordinates>85.48663399971177,22.13074182946727,3.0 85.4866325000934,22.130742998773353,3.0 85.48663033300761,22.130744667690564,3.0 85.48663016659167,22.13074699644243,3.0 85.48662733340358,22.130745497929997,3.0 85.48662483325793,22.130743496705318,3.0 85.48662216695372,22.13074316488781,3.0 85.48661833345805,22.130742831279118,3.0 85.48661083346386,22.130747494579225,3.0 85.4866111662364,22.13075699948801,3.0 85.48662233331949,22.130774327352036,3.0</coordinates>
                    </LineString>
                </Placemark>
                <Placemark id="102759">
                    <name>Shift 3_P1_Climb17</name>
                    <description>Shift: Shift 3
Type: Continuous Climb
Length: 4.2 m
Gradient: 2.4 %</description>
                    <styleUrl>#102760</styleUrl>
                    <LineString id="102758">
                        <extrude>1</extrude>
                        <altitudeMode>relativeToGround</altitudeMode>
                        <coordinates>85.48664300036218,22.130802328988047,3.0 85.48667283366991,22.130828500801282,3.0</coordinates>
                    </LineString>
                </Placemark>
                <Placemark id="102767">
                    <name>Shift 3_P1_Climb19</name>
                    <description>Shift: Shift 3
Type: Continuous Climb
Length: 7.0 m
Gradient: 9.0 %</description>
                    <styleUrl>#102768</styleUrl>
                    <LineString id="102766">
                        <extrude>1</extrude>
                        <altitudeMode>relativeToGround</altitudeMode>
                        <coordinates>85.48669850010381,22.13085950230185,3.0 85.4867149997333,22.130881495035393,3.0 85.48673833317731,22.130911002657303,3.0</coordinates>
                    </LineString>
                </Placemark>
                <Placemark id="102775">
                    <name>Shift 3_P1_Climb21</name>
                    <description>Shift: Shift 3
Type: Continuous Climb
Length: 196.4 m
Gradient: 14.8 %</description>
                    <styleUrl>#102776</styleUrl>
                    <LineString id="102774">
                        <extrude>1</extrude>
                        <altitudeMode>relativeToGround</altitudeMode>
                        <coordinates>85.48676783376324,22.130958162089534,3.0 85.48678116669541,22.13094916324013,3.0 85.48690500027239,22.13094566885224,3.0 85.486991333241,22.13106666912228,3.0 85.48700950013372,22.13118000137386,3.0 85.48708933374209,22.131299496201517,3.0 85.48720983373533,22.131424001452217,3.0 85.48732783344353,22.131505499433604,3.0 85.48738716658347,22.131556168787036,3.0 85.48748016704576,22.131620165482882,3.0 85.48759699971365,22.131710666555364,3.0 85.48773566654944,22.131812334910787,3.0 85.48786066701952,22.131968331382996,3.0 85.48800133346826,22.132186334136055,3.0</coordinates>
                    </LineString>
                </Placemark>
                <Placemark id="102783">
                    <name>Shift 3_P1_Climb23</name>
                    <description>Shift: Shift 3
Type: Continuous Climb
Length: 71.7 m
Gradient: 6.9 %</description>
                    <styleUrl>#102784</styleUrl>
                    <LineString id="102782">
                        <extrude>1</extrude>
                        <altitudeMode>relativeToGround</altitudeMode>
                        <coordinates>85.48813766672845,22.132425332526065,3.0 85.48823533371444,22.132652330184193,3.0 85.48835250018863,22.132833498624244,3.0 85.4885378331109,22.132916495616993,3.0</coordinates>
                    </LineString>
                </Placemark>
                <Placemark id="102791">
                    <name>Shift 3_P1_Climb25</name>
                    <description>Shift: Shift 3
Type: Continuous Climb
Length: 80.7 m
Gradient: 5.8 %</description>
                    <styleUrl>#102792</styleUrl>
                    <LineString id="102790">
                        <extrude>1</extrude>
                        <altitudeMode>relativeToGround</altitudeMode>
                        <coordinates>85.48881833320605,22.132964335402217,3.0 85.48909933304571,22.13299933561412,3.0 85.48934499961696,22.133015835572845,3.0 85.4894650002583,22.133013667697742,3.0 85.48959716700061,22.133001830510107,3.0</coordinates>
                    </LineString>
                </Placemark>
                <Placemark id="102799">
                    <name>Shift 3_P1_Climb27</name>
                    <description>Shift: Shift 3
Type: Continuous Climb
Length: 87.0 m
Gradient: 5.1 %</description>
                    <styleUrl>#102800</styleUrl>
                    <LineString id="102798">
                        <extrude>1</extrude>
                        <altitudeMode>relativeToGround</altitudeMode>
                        <coordinates>85.49082233296102,22.132621169518764,3.0 85.49108366692087,22.13254899846946,3.0 85.49132500011027,22.132516663605603,3.0 85.49149366681976,22.132518168592643,3.0 85.49165199956026,22.13252300108264,3.0</coordinates>
                    </LineString>
                </Placemark>
                <Placemark id="102807">
                    <name>Shift 3_P1_Climb29</name>
                    <description>Shift: Shift 3
Type: Continuous Climb
Length: 111.3 m
Gradient: 8.2 %</description>
                    <styleUrl>#102808</styleUrl>
                    <LineString id="102806">
                        <extrude>1</extrude>
                        <altitudeMode>relativeToGround</altitudeMode>
                        <coordinates>85.49191833344558,22.132544168113597,3.0 85.49214783361943,22.132600328220025,3.0 85.49233516671107,22.13274800074766,3.0 85.49251316671268,22.132981166639997,3.0 85.49262266652914,22.1332304994715,3.0</coordinates>
                    </LineString>
                </Placemark>
                <Placemark id="102815">
                    <name>Shift 3_P1_Climb31</name>
                    <description>Shift: Shift 3
Type: Continuous Climb
Length: 201.2 m
Gradient: 3.6 %</description>
                    <styleUrl>#102816</styleUrl>
                    <LineString id="102814">
                        <extrude>1</extrude>
                        <altitudeMode>relativeToGround</altitudeMode>
                        <coordinates>85.49265849997606,22.133473000909653,3.0 85.49262883356694,22.133701827781184,3.0 85.492547333288,22.13390516575582,3.0 85.49247050035103,22.134061995011994,3.0 85.49242666687267,22.13421482977857,3.0 85.49237416639049,22.134402168611928,3.0 85.49230249969705,22.13464466137355,3.0 85.49224100032691,22.13487816167338,3.0 85.49226766636085,22.13507299699653,3.0 85.49237683376828,22.135192164405613,3.0</coordinates>
                    </LineString>
                </Placemark>
                <Placemark id="102823">
                    <name>Shift 3_P1_Climb33</name>
                    <description>Shift: Shift 3
Type: Continuous Climb
Length: 66.4 m
Gradient: 5.7 %</description>
                    <styleUrl>#102824</styleUrl>
                    <LineString id="102822">
                        <extrude>1</extrude>
                        <altitudeMode>relativeToGround</altitudeMode>
                        <coordinates>85.49260299959934,22.135232830192116,3.0 85.4929059995753,22.135260828683073,3.0 85.49324499981849,22.135255333576904,3.0</coordinates>
                    </LineString>
                </Placemark>
                <Placemark id="102831">
                    <name>Shift 3_P1_Climb35</name>
                    <description>Shift: Shift 3
Type: Continuous Climb
Length: 80.0 m
Gradient: 3.2 %</description>
                    <styleUrl>#102832</styleUrl>
                    <LineString id="102830">
                        <extrude>1</extrude>
                        <altitudeMode>relativeToGround</altitudeMode>
                        <coordinates>85.49357666697671,22.135258495141095,3.0 85.49387616682395,22.13526066365539,3.0 85.49415050036211,22.135272832828434,3.0 85.49435016632799,22.13524682909494,3.0</coordinates>
                    </LineString>
                </Placemark>
                <Placemark id="102839">
                    <name>Shift 3_P1_Climb37</name>
                    <description>Shift: Shift 3
Type: Continuous Climb
Length: 66.8 m
Gradient: 3.8 %</description>
                    <styleUrl>#102840</styleUrl>
                    <LineString id="102838">
                        <extrude>1</extrude>
                        <altitudeMode>relativeToGround</altitudeMode>
                        <coordinates>85.49451816709245,22.135242995981248,3.0 85.49471283374346,22.13525882785061,3.0 85.49495216700306,22.135314000129746,3.0 85.49512583366725,22.135415994416277,3.0</coordinates>
                    </LineString>
                </Placemark>
                <Placemark id="102847">
                    <name>Shift 3_P1_Climb39</name>
                    <description>Shift: Shift 3
Type: Continuous Climb
Length: 393.4 m
Gradient: 7.3 %</description>
                    <styleUrl>#102848</styleUrl>
                    <LineString id="102846">
                        <extrude>1</extrude>
                        <altitudeMode>relativeToGround</altitudeMode>
                        <coordinates>85.49545516711876,22.1354759972158,3.0 85.49563516620404,22.13540683549454,3.0 85.49585816689402,22.135338169305662,3.0 85.49611166671008,22.135241332539735,3.0 85.49635000002785,22.135098165060946,3.0 85.49653299967885,22.13492799602556,3.0 85.49669900014997,22.13475700177645,3.0 85.4968803331379,22.134566666161398,3.0 85.49707549963888,22.134351330204037,3.0 85.49724700042351,22.134103495037177,3.0 85.49739383371357,22.133836166880464,3.0 85.49753116677341,22.13356800141845,3.0 85.49766583308207,22.133298664170947,3.0 85.49776099983349,22.13306782865618,3.0 85.49782799979718,22.132889165614706,3.0</coordinates>
                    </LineString>
                </Placemark>
                <Placemark id="102855">
                    <name>Shift 3_P1_Climb41</name>
                    <description>Shift: Shift 3
Type: Continuous Climb
Length: 152.8 m
Gradient: 5.0 %</description>
                    <styleUrl>#102856</styleUrl>
                    <LineString id="102854">
                        <extrude>1</extrude>
                        <altitudeMode>relativeToGround</altitudeMode>
                        <coordinates>85.4979338332442,22.132427999091032,3.0 85.49792949955703,22.132191496641926,3.0 85.49789083339714,22.131993498511942,3.0 85.497818166842,22.131801329301,3.0 85.49774233357577,22.131633996514342,3.0 85.49762683314505,22.13140233261619,3.0 85.49748133354376,22.13113299922507,3.0</coordinates>
                    </LineString>
                </Placemark>
                <Placemark id="102863">
                    <name>Shift 3_P1_Climb43</name>
                    <description>Shift: Shift 3
Type: Continuous Climb
Length: 31.3 m
Gradient: 2.2 %</description>
                    <styleUrl>#102864</styleUrl>
                    <LineString id="102862">
                        <extrude>1</extrude>
                        <altitudeMode>relativeToGround</altitudeMode>
                        <coordinates>85.49638349968723,22.129225660680493,3.0 85.49622933350196,22.12898266561115,3.0</coordinates>
                    </LineString>
                </Placemark>
                <Placemark id="102871">
                    <name>Shift 3_P1_Climb45</name>
                    <description>Shift: Shift 3
Type: Continuous Climb
Length: 31.7 m
Gradient: 2.1 %</description>
                    <styleUrl>#102872</styleUrl>
                    <LineString id="102870">
                        <extrude>1</extrude>
                        <altitudeMode>relativeToGround</altitudeMode>
                        <coordinates>85.49610866684507,22.128754168642676,3.0 85.49599133289026,22.12848983551434,3.0</coordinates>
                    </LineString>
                </Placemark>
                <Placemark id="102879">
                    <name>Shift 3_P1_Climb47</name>
                    <description>Shift: Shift 3
Type: Continuous Climb
Length: 29.6 m
Gradient: 2.4 %</description>
                    <styleUrl>#102880</styleUrl>
                    <LineString id="102878">
                        <extrude>1</extrude>
                        <altitudeMode>relativeToGround</altitudeMode>
                        <coordinates>85.49571349990055,22.127964329906508,3.0 85.49554783294676,22.127746166134127,3.0</coordinates>
                    </LineString>
                </Placemark>
                <Placemark id="102887">
                    <name>Shift 3_P1_Climb49</name>
                    <description>Shift: Shift 3
Type: Continuous Climb
Length: 52.3 m
Gradient: 3.7 %</description>
                    <styleUrl>#102888</styleUrl>
                    <LineString id="102886">
                        <extrude>1</extrude>
                        <altitudeMode>relativeToGround</altitudeMode>
                        <coordinates>85.4953761671121,22.127539833263008,3.0 85.49519966685611,22.127345495556728,3.0 85.49503899955573,22.12718749560594,3.0</coordinates>
                    </LineString>
                </Placemark>
                <Placemark id="102895">
                    <name>Shift 3_P1_Climb51</name>
                    <description>Shift: Shift 3
Type: Continuous Climb
Length: 103.0 m
Gradient: 5.5 %</description>
                    <styleUrl>#102896</styleUrl>
                    <LineString id="102894">
                        <extrude>1</extrude>
                        <altitudeMode>relativeToGround</altitudeMode>
                        <coordinates>85.4947203330757,22.126875494035637,3.0 85.49455633367175,22.12672682929206,3.0 85.49439899957491,22.126589001266424,3.0 85.4942641665701,22.126479669450323,3.0 85.49412766702046,22.126358327423894,3.0 85.49399116633833,22.12623966783886,3.0</coordinates>
                    </LineString>
                </Placemark>
                <Placemark id="102903">
                    <name>Shift 3_P1_Climb53</name>
                    <description>Shift: Shift 3
Type: Continuous Climb
Length: 80.2 m
Gradient: 3.4 %</description>
                    <styleUrl>#102904</styleUrl>
                    <LineString id="102902">
                        <extrude>1</extrude>
                        <altitudeMode>relativeToGround</altitudeMode>
                        <coordinates>85.49368550009399,22.125961329868666,3.0 85.49358183349513,22.125859330232945,3.0 85.49347183306153,22.125748836027412,3.0 85.4933191671198,22.12561599976109,3.0 85.49312733301733,22.12545849620925,3.0</coordinates>
                    </LineString>
                </Placemark>
                <Placemark id="102911">
                    <name>Shift 3_P1_Climb55</name>
                    <description>Shift: Shift 3
Type: Continuous Climb
Length: 308.2 m
Gradient: 5.3 %</description>
                    <styleUrl>#102912</styleUrl>
                    <LineString id="102910">
                        <extrude>1</extrude>
                        <altitudeMode>relativeToGround</altitudeMode>
                        <coordinates>85.4927741670481,22.125130501855068,3.0 85.49258700014978,22.12498482780011,3.0 85.49238033322494,22.124815995599537,3.0 85.49212549959336,22.12463599705004,3.0 85.49186916646545,22.12450249996847,3.0 85.49166983291006,22.124409333968423,3.0 85.49149200012195,22.124358501508716,3.0 85.49129766706974,22.12432316911796,3.0 85.49106116639506,22.12425066772548,3.0 85.49084816636059,22.124212831960605,3.0 85.4906343337503,22.124227329649433,3.0 85.49035300022497,22.124243334420775,3.0 85.49006816708066,22.124269169461257,3.0</coordinates>
                    </LineString>
                </Placemark>
                <Placemark id="102919">
                    <name>Shift 3_P1_Climb57</name>
                    <description>Shift: Shift 3
Type: Continuous Climb
Length: 28.4 m
Gradient: 2.5 %</description>
                    <styleUrl>#102920</styleUrl>
                    <LineString id="102918">
                        <extrude>1</extrude>
                        <altitudeMode>relativeToGround</altitudeMode>
                        <coordinates>85.48916916699542,22.124362662125066,3.0 85.48890150050099,22.12442332846552,3.0</coordinates>
                    </LineString>
                </Placemark>
                <Placemark id="102927">
                    <name>Shift 3_P1_Climb59</name>
                    <description>Shift: Shift 3
Type: Continuous Climb
Length: 322.4 m
Gradient: 7.4 %</description>
                    <styleUrl>#102928</styleUrl>
                    <LineString id="102926">
                        <extrude>1</extrude>
                        <altitudeMode>relativeToGround</altitudeMode>
                        <coordinates>85.48843533294792,22.124536828094676,3.0 85.48825216648365,22.124541996361803,3.0 85.4880443331869,22.12452366910793,3.0 85.48788416682189,22.124457334628687,3.0 85.48777099973877,22.12436850273841,3.0 85.48767850032486,22.12429766463732,3.0 85.48757400010653,22.12422116955487,3.0 85.48743733287955,22.124122834659985,3.0 85.48732066692068,22.12399666723843,3.0 85.48720350002719,22.123878669204,3.0 85.48704699970835,22.123767333576133,3.0 85.48685650002494,22.12368232753703,3.0 85.48665116687468,22.123582163294618,3.0 85.48645599963821,22.123448999232487,3.0 85.48630133282751,22.12333700252111,3.0 85.48618549998399,22.123254331918133,3.0 85.48604383301128,22.123142166498962,3.0 85.48586433380845,22.12301766440433,3.0</coordinates>
                    </LineString>
                </Placemark>
                <Placemark id="102935">
                    <name>Shift 3_P1_Climb61</name>
                    <description>Shift: Shift 3
Type: Continuous Climb
Length: 147.8 m
Gradient: 3.9 %</description>
                    <styleUrl>#102936</styleUrl>
                    <LineString id="102934">
                        <extrude>1</extrude>
                        <altitudeMode>relativeToGround</altitudeMode>
                        <coordinates>85.48564266649875,22.122895336098697,3.0 85.48541516664494,22.12278299715303,3.0 85.48518983343847,22.122681661110644,3.0 85.48497799988418,22.12257800233815,3.0 85.48478866680692,22.122484162353516,3.0 85.48458699965788,22.122375169132134,3.0 85.4843788330441,22.12226799402263,3.0</coordinates>
                    </LineString>
                </Placemark>
                <Placemark id="102943">
                    <name>Shift 3_P1_Climb63</name>
                    <description>Shift: Shift 3
Type: Continuous Climb
Length: 201.7 m
Gradient: 4.1 %</description>
                    <styleUrl>#102944</styleUrl>
                    <LineString id="102942">
                        <extrude>1</extrude>
                        <altitudeMode>relativeToGround</altitudeMode>
                        <coordinates>85.48416316666795,22.12215999935618,3.0 85.48397216708585,22.122028668598055,3.0 85.48381516621882,22.121879832951073,3.0 85.48369349987948,22.121690834216366,3.0 85.48366766670169,22.12148516702087,3.0 85.48367249981125,22.121259661011923,3.0 85.48367166692762,22.121107000872843,3.0 85.48366166687538,22.12094000285215,3.0 85.48360633332328,22.120753498835725,3.0 85.48355316694591,22.120533334036477,3.0</coordinates>
                    </LineString>
                </Placemark>
                <Placemark id="102951">
                    <name>Shift 3_P1_Climb65</name>
                    <description>Shift: Shift 3
Type: Continuous Climb
Length: 125.7 m
Gradient: 9.3 %</description>
                    <styleUrl>#102952</styleUrl>
                    <LineString id="102950">
                        <extrude>1</extrude>
                        <altitudeMode>relativeToGround</altitudeMode>
                        <coordinates>85.48348850031694,22.120055835726284,3.0 85.48346066646819,22.119801999497493,3.0 85.48340400035738,22.119564333961836,3.0 85.48332333300529,22.119347499403798,3.0 85.48329249991437,22.119243000000996,3.0 85.4832946667653,22.11917882861831,3.0 85.48334249986277,22.11909766745053,3.0 85.48345749973686,22.11900466577983,3.0</coordinates>
                    </LineString>
                </Placemark>
                <Placemark id="102959">
                    <name>Shift 3_P1_Climb67</name>
                    <description>Shift: Shift 3
Type: Continuous Climb
Length: 367.1 m
Gradient: 6.8 %</description>
                    <styleUrl>#102960</styleUrl>
                    <LineString id="102958">
                        <extrude>1</extrude>
                        <altitudeMode>relativeToGround</altitudeMode>
                        <coordinates>85.48410366644843,22.118797164263608,3.0 85.48435983341005,22.118725668404622,3.0 85.48460483297985,22.118666334153392,3.0 85.48486099973763,22.11868233199911,3.0 85.48510433330928,22.11873432998044,3.0 85.4853501667014,22.11879416361521,3.0 85.48557933305159,22.118838668267646,3.0 85.48579483310348,22.118871502761746,3.0 85.48605016682961,22.11886716867404,3.0 85.48631600040767,22.11883000026429,3.0 85.48657033366453,22.118807329823525,3.0 85.48680350015682,22.118795165927988,3.0 85.48702450042877,22.118788335354996,3.0 85.48723466685972,22.118758001763943,3.0 85.4873818336429,22.11870366385812,3.0 85.48742766619051,22.1186151667819,3.0 85.48733833303092,22.118548828880478,3.0</coordinates>
                    </LineString>
                </Placemark>
                <Placemark id="102967">
                    <name>Shift 3_P1_Climb69</name>
                    <description>Shift: Shift 3
Type: Continuous Climb
Length: 64.8 m
Gradient: 4.3 %</description>
                    <styleUrl>#102968</styleUrl>
                    <LineString id="102966">
                        <extrude>1</extrude>
                        <altitudeMode>relativeToGround</altitudeMode>
                        <coordinates>85.48715300040179,22.118479668586538,3.0 85.48697349993307,22.11837433412123,3.0 85.48681983307031,22.11826682729836,3.0 85.48666816702874,22.118113663230133,3.0</coordinates>
                    </LineString>
                </Placemark>
                <Placemark id="102975">
                    <name>Shift 3_P1_Climb71</name>
                    <description>Shift: Shift 3
Type: Continuous Climb
Length: 113.9 m
Gradient: 5.1 %</description>
                    <styleUrl>#102976</styleUrl>
                    <LineString id="102974">
                        <extrude>1</extrude>
                        <altitudeMode>relativeToGround</altitudeMode>
                        <coordinates>85.48627733294398,22.117631335680677,3.0 85.48610966632232,22.117487497544925,3.0 85.4859039995892,22.117433502062273,3.0 85.48569533381485,22.117438494661055,3.0 85.4855003331429,22.117501997633383,3.0 85.48526983289223,22.117586161785713,3.0</coordinates>
                    </LineString>
                </Placemark>
                <Placemark id="102983">
                    <name>Shift 3_P1_Climb73</name>
                    <description>Shift: Shift 3
Type: Continuous Climb
Length: 66.4 m
Gradient: 3.7 %</description>
                    <styleUrl>#102984</styleUrl>
                    <LineString id="102982">
                        <extrude>1</extrude>
                        <altitudeMode>relativeToGround</altitudeMode>
                        <coordinates>85.48463066692807,22.11773483455832,3.0 85.48440733317162,22.117661335384895,3.0 85.48420200002612,22.117563498780303,3.0 85.4840598333902,22.117465995492324,3.0</coordinates>
                    </LineString>
                </Placemark>
                <Placemark id="102991">
                    <name>Shift 3_P1_Climb75</name>
                    <description>Shift: Shift 3
Type: Continuous Climb
Length: 146.3 m
Gradient: 6.6 %</description>
                    <styleUrl>#102992</styleUrl>
                    <LineString id="102990">
                        <extrude>1</extrude>
                        <altitudeMode>relativeToGround</altitudeMode>
                        <coordinates>85.4838719995532,22.117324831126076,3.0 85.48371483290035,22.117157161968397,3.0 85.48359566693227,22.117005995081698,3.0 85.48349533378797,22.116894329035006,3.0 85.48333350013213,22.116838334934037,3.0 85.48316249992915,22.11680032886843,3.0 85.48293250032188,22.116760166758457,3.0 85.48270633291591,22.116687831279407,3.0</coordinates>
                    </LineString>
                </Placemark>
                <Placemark id="102999">
                    <name>Shift 3_P1_Climb77</name>
                    <description>Shift: Shift 3
Type: Continuous Climb
Length: 84.2 m
Gradient: 3.8 %</description>
                    <styleUrl>#103000</styleUrl>
                    <LineString id="102998">
                        <extrude>1</extrude>
                        <altitudeMode>relativeToGround</altitudeMode>
                        <coordinates>85.48232666644405,22.116363002110752,3.0 85.48216350049996,22.116148164108136,3.0 85.48201633352276,22.115946499055106,3.0 85.4818411662925,22.115752828949233,3.0</coordinates>
                    </LineString>
                </Placemark>
                <Placemark id="103007">
                    <name>Shift 3_P1_Climb79</name>
                    <description>Shift: Shift 3
Type: Continuous Climb
Length: 109.6 m
Gradient: 23.0 %</description>
                    <styleUrl>#103008</styleUrl>
                    <LineString id="103006">
                        <extrude>1</extrude>
                        <altitudeMode>relativeToGround</altitudeMode>
                        <coordinates>85.4815281662435,22.115449662805307,3.0 85.48145483366126,22.11537149403871,3.0 85.48134600043102,22.11528416164223,3.0 85.48128750018188,22.115233832356406,3.0 85.48117133344674,22.11517316681343,3.0 85.48103933370231,22.11510082889123,3.0 85.4809595003494,22.11499216110392,3.0 85.48092266680405,22.114915334211652,3.0 85.48091416690416,22.11489432764821,3.0 85.48091299965857,22.11488366788455,3.0 85.48091416646422,22.114874827231592,3.0 85.48091783334253,22.114867328529748,3.0 85.48091866670987,22.114862829239208,3.0 85.48092183353796,22.11485966131764,3.0 85.48092400039002,22.114861162747577,3.0 85.48092516695455,22.11486066779918,3.0 85.48092950036452,22.114857998465762,3.0 85.48093200018143,22.114855835939945,3.0 85.4809353329453,22.114852832140425,3.0 85.48093716707542,22.11484983246414,3.0 85.48093800036293,22.114846335741404,3.0 85.48093800040348,22.11484316545699,3.0 85.48093733295752,22.114841497332417,3.0 85.48093600022173,22.114839497861585,3.0 85.48093483304636,22.11483833088871,3.0 85.48093383336985,22.11483799643182,3.0 85.4809299997132,22.114836000792593,3.0 85.48092666699044,22.114835834307623,3.0 85.48092466617487,22.11483466861186,3.0 85.48092549995596,22.11483166866206,3.0 85.48092800038579,22.114825830056766,3.0 85.48093116638421,22.114819663453304,3.0 85.48093399959689,22.114816329849262,3.0 85.48093583317163,22.11481482950477,3.0 85.48093983365928,22.114812834485274,3.0 85.48094366660433,22.11481299659108,3.0 85.48094766653708,22.114812500903206,3.0 85.48094716666905,22.114810662726683,3.0 85.48094616687497,22.11480916312137,3.0 85.48094516662779,22.11480399645874,3.0 85.48094233335928,22.114804168809805,3.0 85.48094083351835,22.114801661984117,3.0 85.48094016643061,22.1147983319472,3.0 85.48093866680743,22.11479716188179,3.0 85.48093833382728,22.114794494299872,3.0 85.48093916703712,22.11478666214414,3.0 85.48093999961296,22.114781331888178,3.0 85.48094100039872,22.114778667681367,3.0 85.48094150032468,22.11477832911017,3.0 85.48093966661007,22.114782828127428,3.0 85.48093816678842,22.11478683348239,3.0 85.48093783287764,22.114786333607935,3.0 85.48093750046817,22.114788498231828,3.0 85.48093816645122,22.114789669574513,3.0 85.48093800047135,22.11479249509359,3.0 85.480937999876,22.114797164709845,3.0</coordinates>
                    </LineString>
                </Placemark>
                <Placemark id="103015">
                    <name>Shift 3_P1_Climb81</name>
                    <description>Shift: Shift 3
Type: Continuous Climb
Length: 2.3 m
Gradient: 26.6 %</description>
                    <styleUrl>#103016</styleUrl>
                    <LineString id="103014">
                        <extrude>1</extrude>
                        <altitudeMode>relativeToGround</altitudeMode>
                        <coordinates>85.48093866672835,22.114798164449756,3.0 85.48093750024152,22.114802994831226,3.0 85.48093766698877,22.114805164098495,3.0 85.48094000027494,22.1148021690655,3.0 85.48094400020906,22.11479633537677,3.0 85.48094650004235,22.114795166387367,3.0</coordinates>
                    </LineString>
                </Placemark>
                <Placemark id="103023">
                    <name>Shift 3_P1_Climb83</name>
                    <description>Shift: Shift 3
Type: Continuous Climb
Length: 3.6 m
Gradient: 25.1 %</description>
                    <styleUrl>#103024</styleUrl>
                    <LineString id="103022">
                        <extrude>1</extrude>
                        <altitudeMode>relativeToGround</altitudeMode>
                        <coordinates>85.48094633366914,22.114797666745382,3.0 85.48094549988873,22.114800666695338,3.0 85.48094216670695,22.114807328512207,3.0 85.4809399998922,22.11481333279992,3.0 85.48093799972648,22.114815996742166,3.0 85.48093633335388,22.114817995410355,3.0 85.48093600052994,22.114818660693405,3.0 85.48093466660542,22.114820662454164,3.0 85.4809355000489,22.114820498596384,3.0 85.48093700003245,22.11481466874859,3.0</coordinates>
                    </LineString>
                </Placemark>
                <Placemark id="103031">
                    <name>Shift 3_P1_Climb85</name>
                    <description>Shift: Shift 3
Type: Continuous Climb
Length: 2.9 m
Gradient: 106.2 %</description>
                    <styleUrl>#103032</styleUrl>
                    <LineString id="103030">
                        <extrude>1</extrude>
                        <altitudeMode>relativeToGround</altitudeMode>
                        <coordinates>85.48093916678597,22.11481066056561,3.0 85.48093783341645,22.11481116299458,3.0 85.48093566690021,22.11481216347365,3.0 85.48093316631487,22.114814669214148,3.0 85.48093299948859,22.11481350251484,3.0 85.48093516626305,22.114810668511666,3.0 85.48093516671797,22.114808997568066,3.0 85.48093433363272,22.114807499513493,3.0 85.48093333316628,22.114806334091423,3.0 85.48093283321934,22.11480549848283,3.0 85.48093083360857,22.114806663093184,3.0 85.48092883304932,22.114809001874242,3.0 85.48092750021162,22.114812168792454,3.0</coordinates>
                    </LineString>
                </Placemark>
                <Placemark id="103039">
                    <name>Shift 3_P1_Climb87</name>
                    <description>Shift: Shift 3
Type: Continuous Climb
Length: 3.7 m
Gradient: 18.9 %</description>
                    <styleUrl>#103040</styleUrl>
                    <LineString id="103038">
                        <extrude>1</extrude>
                        <altitudeMode>relativeToGround</altitudeMode>
                        <coordinates>85.48092600026851,22.114814828355726,3.0 85.48092466701647,22.11481649593308,3.0 85.48090183343633,22.11479333282724,3.0</coordinates>
                    </LineString>
                </Placemark>
                <Placemark id="103047">
                    <name>Shift 3_P1_Climb89</name>
                    <description>Shift: Shift 3
Type: Continuous Climb
Length: 10.2 m
Gradient: 5.9 %</description>
                    <styleUrl>#103048</styleUrl>
                    <LineString id="103046">
                        <extrude>1</extrude>
                        <altitudeMode>relativeToGround</altitudeMode>
                        <coordinates>85.48080099967247,22.114618002017927,3.0 85.48074566671526,22.114541165564997,3.0</coordinates>
                    </LineString>
                </Placemark>
                <Placemark id="103055">
                    <name>Shift 3_P1_Climb91</name>
                    <description>Shift: Shift 3
Type: Continuous Climb
Length: 10.4 m
Gradient: 87.6 %</description>
                    <styleUrl>#103056</styleUrl>
                    <LineString id="103054">
                        <extrude>1</extrude>
                        <altitudeMode>relativeToGround</altitudeMode>
                        <coordinates>85.48070816660848,22.114497164295653,3.0 85.48070133323942,22.114480662206375,3.0 85.48069816689645,22.11447166382232,3.0 85.48069483290564,22.11445850005726,3.0 85.48069099961472,22.114448330320563,3.0 85.48068883353844,22.114440334779182,3.0 85.4806856667555,22.114434000875104,3.0 85.48068266664599,22.114425500805666,3.0 85.48067950030523,22.11441650242132,3.0 85.48067916681882,22.114412163886563,3.0 85.48067899969871,22.114410662994775,3.0 85.48067850033087,22.1144095022335,3.0 85.48067666662446,22.114408663247193,3.0</coordinates>
                    </LineString>
                </Placemark>
                <Placemark id="103063">
                    <name>Shift 3_P1_Climb93</name>
                    <description>Shift: Shift 3
Type: Continuous Climb
Length: 4.7 m
Gradient: 159.4 %</description>
                    <styleUrl>#103064</styleUrl>
                    <LineString id="103062">
                        <extrude>1</extrude>
                        <altitudeMode>relativeToGround</altitudeMode>
                        <coordinates>85.48067683303648,22.11440833060592,3.0 85.48067849963884,22.114408662237093,3.0 85.4806811666061,22.11441016832291,3.0 85.48068400008222,22.11441133273615,3.0 85.48068833347166,22.114414001409095,3.0 85.48069149977192,22.11441450053964,3.0 85.48069516658977,22.114415329484274,3.0 85.4806985002713,22.114415495982424,3.0 85.48070083293388,22.114415996388963,3.0 85.48070083359069,22.114414668669,3.0 85.48070183372101,22.114413332183616,3.0 85.48070150010811,22.114413166501052,3.0 85.48070166660067,22.11441183129184,3.0 85.48069983363148,22.11440866201791,3.0 85.48069916666662,22.114406497128726,3.0 85.48069699954668,22.11440583568364,3.0 85.48069483372451,22.11440749551319,3.0 85.4806928330327,22.11440749496343,3.0 85.48069166627481,22.11440782732982,3.0</coordinates>
                    </LineString>
                </Placemark>
                <Placemark id="103071">
                    <name>Shift 3_P1_Climb95</name>
                    <description>Shift: Shift 3
Type: Continuous Climb
Length: 0.4 m
Gradient: 44.6 %</description>
                    <styleUrl>#103072</styleUrl>
                    <LineString id="103070">
                        <extrude>1</extrude>
                        <altitudeMode>relativeToGround</altitudeMode>
                        <coordinates>85.4806898330991,22.114409833475893,3.0 85.4806903329788,22.11441266518968,3.0 85.48069099982769,22.114413664930442,3.0</coordinates>
                    </LineString>
                </Placemark>
                <Placemark id="103079">
                    <name>Shift 3_P1_Climb97</name>
                    <description>Shift: Shift 3
Type: Continuous Climb
Length: 0.2 m
Gradient: 42.0 %</description>
                    <styleUrl>#103080</styleUrl>
                    <LineString id="103078">
                        <extrude>1</extrude>
                        <altitudeMode>relativeToGround</altitudeMode>
                        <coordinates>85.48069050047586,22.114413497705847,3.0 85.48069199968096,22.114413168432506,3.0</coordinates>
                    </LineString>
                </Placemark>
                <Placemark id="103087">
                    <name>Shift 3_P1_Climb99</name>
                    <description>Shift: Shift 3
Type: Continuous Climb
Length: 5.4 m
Gradient: 133.2 %</description>
                    <styleUrl>#103088</styleUrl>
                    <LineString id="103086">
                        <extrude>1</extrude>
                        <altitudeMode>relativeToGround</altitudeMode>
                        <coordinates>85.4806924999668,22.114411167949747,3.0 85.48069416701055,22.114408835100587,3.0 85.48069533366873,22.11440833112239,3.0 85.48069800015966,22.114410333971758,3.0 85.48069916665666,22.11441183512937,3.0 85.48069883317586,22.11441382813192,3.0 85.48070399982669,22.114417163903905,3.0 85.4807046664792,22.114418001064088,3.0 85.48070466659516,22.114419166212542,3.0 85.48070416698242,22.114420832512046,3.0 85.48070150044599,22.11442199994704,3.0 85.48070116635655,22.114422331028305,3.0 85.48070249993869,22.11442316536131,3.0 85.4807021669988,22.114422665495457,3.0 85.48070099971274,22.11442033337271,3.0 85.48070116620531,22.114418998163497,3.0 85.48070133317438,22.11441716619046,3.0 85.48069900039589,22.114415500635474,3.0 85.4806988333915,22.114415164892147,3.0 85.48069733298537,22.114413163859655,3.0 85.48069616716141,22.11441132851874,3.0 85.4806971662419,22.11441099459227,3.0 85.480697499758,22.114411169306084,3.0 85.48069733308509,22.114413335471433,3.0 85.48069783322585,22.114414333661156,3.0 85.48069716698548,22.1144149958417,3.0 85.48069599967039,22.114416827539863,3.0 85.48069483360453,22.114417999902678,3.0</coordinates>
                    </LineString>
                </Placemark>
                <Placemark id="103095">
                    <name>Shift 3_P1_Climb101</name>
                    <description>Shift: Shift 3
Type: Continuous Climb
Length: 2.5 m
Gradient: 67.6 %</description>
                    <styleUrl>#103096</styleUrl>
                    <LineString id="103094">
                        <extrude>1</extrude>
                        <altitudeMode>relativeToGround</altitudeMode>
                        <coordinates>85.48069300022931,22.114419662825217,3.0 85.48069283362082,22.11441983288597,3.0 85.48069400008262,22.114419166327266,3.0 85.48069383375125,22.11441849640064,3.0 85.48069333323366,22.114418166586507,3.0 85.48069416631427,22.114419664642107,3.0 85.48069499983619,22.11441849821753,3.0 85.48069716712047,22.114417335169843,3.0 85.48069899999997,22.114414994831385,3.0 85.48070183362128,22.11441316057183,3.0 85.4807034999919,22.11441116190586,3.0 85.48070533307066,22.114409164790878,3.0 85.4807073337625,22.114409165340494,3.0 85.48070783301462,22.114409160953247,3.0 85.48070783349111,22.11440866418943,3.0</coordinates>
                    </LineString>
                </Placemark>
                <Placemark id="103103">
                    <name>Shift 3_P1_Climb103</name>
                    <description>Shift: Shift 3
Type: Continuous Climb
Length: 207.0 m
Gradient: 10.1 %</description>
                    <styleUrl>#103104</styleUrl>
                    <LineString id="103102">
                        <extrude>1</extrude>
                        <altitudeMode>relativeToGround</altitudeMode>
                        <coordinates>85.48058966679855,22.114354166685942,3.0 85.48050866657154,22.1143306610196,3.0 85.48039766696103,22.11427899390983,3.0 85.48025966674187,22.114203998310707,3.0 85.48011633292265,22.114138996709332,3.0 85.47999216712103,22.11407233084657,3.0 85.47985833313594,22.114002160743485,3.0 85.47975733333557,22.113954497225226,3.0 85.4796296667871,22.113894328753613,3.0 85.4795636666088,22.11385950049402,3.0 85.47944666617624,22.113807334322008,3.0 85.47939599999461,22.113776830660136,3.0 85.47931200041266,22.11378783542312,3.0 85.4792715001178,22.113786835058274,3.0 85.47924466624993,22.113756833280167,3.0 85.47926316686298,22.11375366367143,3.0 85.47924150010275,22.11376183470103,3.0 85.47926216659764,22.113810502686405,3.0 85.47925866635865,22.113815835185765,3.0 85.4792568330813,22.113803660844454,3.0 85.47924083298061,22.113761494299037,3.0 85.47919783353215,22.11374316505059,3.0 85.47914483310427,22.113740332135983,3.0 85.47908433290064,22.113721334071496,3.0 85.47899416620831,22.113705166732693,3.0 85.4789260003524,22.1136933319617,3.0</coordinates>
                    </LineString>
                </Placemark>
                <Placemark id="103111">
                    <name>Shift 3_P1_Climb105</name>
                    <description>Shift: Shift 3
Type: Continuous Climb
Length: 15.1 m
Gradient: 5.9 %</description>
                    <styleUrl>#103112</styleUrl>
                    <LineString id="103110">
                        <extrude>1</extrude>
                        <altitudeMode>relativeToGround</altitudeMode>
                        <coordinates>85.47882099989945,22.113687666227644,3.0 85.47882116679038,22.11368466911003,3.0 85.4787966666199,22.113675499064268,3.0 85.47875650038249,22.11368049902936,3.0 85.47871850036347,22.113684164342498,3.0 85.47868916670569,22.11369283290042,3.0 85.47868333361298,22.11369750237179,3.0</coordinates>
                    </LineString>
                </Placemark>
                <Placemark id="103119">
                    <name>Shift 3_P1_Climb107</name>
                    <description>Shift: Shift 3
Type: Continuous Climb
Length: 14.1 m
Gradient: 69.0 %</description>
                    <styleUrl>#103120</styleUrl>
                    <LineString id="103118">
                        <extrude>1</extrude>
                        <altitudeMode>relativeToGround</altitudeMode>
                        <coordinates>85.47867883338671,22.113695663051278,3.0 85.47867449976073,22.11368949888534,3.0 85.4786651662813,22.113685329405453,3.0 85.47865983290899,22.113684168765854,3.0 85.47865450011723,22.113682502331393,3.0 85.47865083352463,22.11368066174418,3.0 85.47864949986294,22.113678662247832,3.0 85.47866400009663,22.113681001176076,3.0 85.47868050022787,22.113680161354665,3.0 85.47869166680307,22.113682333742222,3.0 85.47869166701332,22.11368899946707,3.0 85.47868166653627,22.11369549976961,3.0 85.47867833298659,22.113700833808547,3.0 85.47868083331248,22.113704497055725,3.0 85.47867916702097,22.113706667311725,3.0 85.47868150005428,22.113708667085785,3.0 85.47868133324738,22.113707500385146,3.0 85.4786805002921,22.113707167468196,3.0 85.47868466641864,22.11370599597202,3.0 85.47868716702348,22.11370466444564,3.0 85.47869449962204,22.113705328876602,3.0 85.47869833340353,22.11370550007358,3.0 85.47869766696365,22.113705999665264,3.0</coordinates>
                    </LineString>
                </Placemark>
                <Placemark id="103127">
                    <name>Shift 3_P1_Climb109</name>
                    <description>Shift: Shift 3
Type: Continuous Climb
Length: 1.6 m
Gradient: 55.9 %</description>
                    <styleUrl>#103128</styleUrl>
                    <LineString id="103126">
                        <extrude>1</extrude>
                        <altitudeMode>relativeToGround</altitudeMode>
                        <coordinates>85.47869599989203,22.113706164778034,3.0 85.4786940002754,22.113705161646163,3.0 85.47869600027268,22.1137033286881,3.0 85.47870033358707,22.113700668445105,3.0 85.47870066622104,22.113698666407696,3.0 85.47869966645872,22.113697166790224,3.0 85.47869899962743,22.113696167042217,3.0</coordinates>
                    </LineString>
                </Placemark>
                <Placemark id="103135">
                    <name>Shift 3_P1_Climb111</name>
                    <description>Shift: Shift 3
Type: Continuous Climb
Length: 41.9 m
Gradient: 23.9 %</description>
                    <styleUrl>#103136</styleUrl>
                    <LineString id="103134">
                        <extrude>1</extrude>
                        <altitudeMode>relativeToGround</altitudeMode>
                        <coordinates>85.47870183335725,22.113695497965494,3.0 85.47870399957813,22.113694163323792,3.0 85.47870816627925,22.113690498960363,3.0 85.47871333342015,22.11368800003116,3.0 85.47871749983754,22.113687162726176,3.0 85.47871583305518,22.113686668495273,3.0 85.47871266620285,22.113687668658343,3.0 85.47870916622773,22.113688999907424,3.0 85.47870566683581,22.113690999540577,3.0 85.47870266698465,22.113693328984475,3.0 85.4787016664558,22.11369533383208,3.0 85.47870216687151,22.11369666621913,3.0 85.47869916662623,22.113696502787306,3.0 85.47869583306638,22.113697501397017,3.0 85.4786943328963,22.113697830643208,3.0 85.47869816667216,22.113695834125366,3.0 85.47870416637717,22.113692168773643,3.0 85.47870133332208,22.113691329488507,3.0 85.47870050046122,22.113689994004453,3.0 85.47869983362997,22.113688994256457,3.0 85.47870633365599,22.113687663858908,3.0 85.47871066687799,22.113686999718762,3.0 85.47872116642235,22.113685661418245,3.0 85.47878750043806,22.11367516077919,3.0 85.47884633304228,22.113673495933362,3.0 85.47895233354403,22.11368099545879,3.0 85.47903899998944,22.11368649938384,3.0</coordinates>
                    </LineString>
                </Placemark>
                <Placemark id="103143">
                    <name>Shift 3_P1_Climb113</name>
                    <description>Shift: Shift 3
Type: Continuous Climb
Length: 129.1 m
Gradient: 6.8 %</description>
                    <styleUrl>#103144</styleUrl>
                    <LineString id="103142">
                        <extrude>1</extrude>
                        <altitudeMode>relativeToGround</altitudeMode>
                        <coordinates>85.47931583318267,22.11373866397922,3.0 85.47943750003616,22.113776169355738,3.0 85.47954633363403,22.113830165277854,3.0 85.47967533338617,22.11390366864037,3.0 85.47981033327207,22.11397483424326,3.0 85.47994383363235,22.11403950069983,3.0 85.48010133342342,22.11411016196814,3.0 85.48023683331346,22.11420616126713,3.0 85.48039266629567,22.11431950172616,3.0</coordinates>
                    </LineString>
                </Placemark>
                <Placemark id="103151">
                    <name>Shift 3_P1_Climb115</name>
                    <description>Shift: Shift 3
Type: Continuous Climb
Length: 22.1 m
Gradient: 2.6 %</description>
                    <styleUrl>#103152</styleUrl>
                    <LineString id="103150">
                        <extrude>1</extrude>
                        <altitudeMode>relativeToGround</altitudeMode>
                        <coordinates>85.4808533335986,22.114949499125586,3.0 85.48100683327127,22.115088667357885,3.0</coordinates>
                    </LineString>
                </Placemark>
                <Placemark id="103159">
                    <name>Shift 3_P1_Climb117</name>
                    <description>Shift: Shift 3
Type: Continuous Climb
Length: 30.3 m
Gradient: 5.5 %</description>
                    <styleUrl>#103160</styleUrl>
                    <LineString id="103158">
                        <extrude>1</extrude>
                        <altitudeMode>relativeToGround</altitudeMode>
                        <coordinates>85.48117116624098,22.115192665671753,3.0 85.48127266689187,22.11527016622523,3.0 85.4813958330502,22.115369500209304,3.0</coordinates>
                    </LineString>
                </Placemark>
                <Placemark id="103167">
                    <name>Shift 3_P1_Climb119</name>
                    <description>Shift: Shift 3
Type: Continuous Climb
Length: 60.3 m
Gradient: 3.7 %</description>
                    <styleUrl>#103168</styleUrl>
                    <LineString id="103166">
                        <extrude>1</extrude>
                        <altitudeMode>relativeToGround</altitudeMode>
                        <coordinates>85.48164466642363,22.115610831963988,3.0 85.48178416654167,22.115747999695,3.0 85.48189150021373,22.115863994966297,3.0 85.48201850037437,22.116028666625663,3.0</coordinates>
                    </LineString>
                </Placemark>
                <Placemark id="103175">
                    <name>Shift 3_P1_Climb121</name>
                    <description>Shift: Shift 3
Type: Continuous Climb
Length: 114.6 m
Gradient: 3.5 %</description>
                    <styleUrl>#103176</styleUrl>
                    <LineString id="103174">
                        <extrude>1</extrude>
                        <altitudeMode>relativeToGround</altitudeMode>
                        <coordinates>85.48246433299285,22.116605665886947,3.0 85.48267350033656,22.11668066175097,3.0 85.48290166674111,22.1167293335383,3.0 85.48312183335302,22.116778996492222,3.0 85.48335533374636,22.116874666355546,3.0 85.48347933300332,22.116983833607044,3.0</coordinates>
                    </LineString>
                </Placemark>
                <Placemark id="103183">
                    <name>Shift 3_P1_Climb123</name>
                    <description>Shift: Shift 3
Type: Continuous Climb
Length: 98.4 m
Gradient: 5.5 %</description>
                    <styleUrl>#103184</styleUrl>
                    <LineString id="103182">
                        <extrude>1</extrude>
                        <altitudeMode>relativeToGround</altitudeMode>
                        <coordinates>85.48361683354794,22.117133328283302,3.0 85.48377083337117,22.117276328399452,3.0 85.48397199982543,22.11742516754865,3.0 85.48417733348462,22.11756516654289,3.0 85.48437433306196,22.11766599675665,3.0</coordinates>
                    </LineString>
                </Placemark>
                <Placemark id="103191">
                    <name>Shift 3_P1_Climb125</name>
                    <description>Shift: Shift 3
Type: Continuous Climb
Length: 42.0 m
Gradient: 2.7 %</description>
                    <styleUrl>#103192</styleUrl>
                    <LineString id="103190">
                        <extrude>1</extrude>
                        <altitudeMode>relativeToGround</altitudeMode>
                        <coordinates>85.48456616679113,22.1177231625066,3.0 85.48470866637743,22.11772083601803,3.0 85.4849678328858,22.1176705021795,3.0</coordinates>
                    </LineString>
                </Placemark>
                <Placemark id="103199">
                    <name>Shift 3_P1_Climb127</name>
                    <description>Shift: Shift 3
Type: Continuous Climb
Length: 25.8 m
Gradient: 3.6 %</description>
                    <styleUrl>#103200</styleUrl>
                    <LineString id="103198">
                        <extrude>1</extrude>
                        <altitudeMode>relativeToGround</altitudeMode>
                        <coordinates>85.48517416692602,22.11757132862486,3.0 85.48540216621647,22.117474830574597,3.0</coordinates>
                    </LineString>
                </Placemark>
                <Placemark id="103207">
                    <name>Shift 3_P1_Climb129</name>
                    <description>Shift: Shift 3
Type: Continuous Climb
Length: 25.5 m
Gradient: 2.1 %</description>
                    <styleUrl>#103208</styleUrl>
                    <LineString id="103206">
                        <extrude>1</extrude>
                        <altitudeMode>relativeToGround</altitudeMode>
                        <coordinates>85.48612766638297,22.117529329803617,3.0 85.4862685003725,22.117718829654414,3.0</coordinates>
                    </LineString>
                </Placemark>
                <Placemark id="103219">
                    <name>Shift 3_P1_Climb131</name>
                    <description>Shift: Shift 3
Type: Continuous Climb
Length: 491.3 m
Gradient: 12.9 %</description>
                    <styleUrl>#103220</styleUrl>
                    <LineString id="103218">
                        <extrude>1</extrude>
                        <altitudeMode>relativeToGround</altitudeMode>
                        <coordinates>85.48715783332585,22.11849550159147,3.0 85.48710649949459,22.11860016938124,3.0 85.48703483314235,22.11864299518509,3.0 85.48693300043877,22.118654832046786,3.0 85.48678149999016,22.118661999546052,3.0 85.48661816669164,22.118673329439822,3.0 85.48639350020451,22.118685996388887,3.0 85.48617816635337,22.11870033018405,3.0 85.4858974998899,22.11869266066268,3.0 85.48567050033876,22.118691332223438,3.0 85.48546883367429,22.118673167675173,3.0 85.48530266624954,22.118647998096186,3.0 85.48504100038636,22.118613668831188,3.0 85.48485266683873,22.1186193276252,3.0 85.48470266648728,22.11865166167066,3.0 85.48452150037765,22.118698663556437,3.0 85.48436883290036,22.118729662868606,3.0 85.48419683295829,22.118774663042327,3.0 85.48400533368812,22.118805662781323,3.0 85.48382433375988,22.118843163587677,3.0 85.48370066676952,22.118867332285255,3.0 85.48352200004433,22.118968160783908,3.0 85.48344883282911,22.119125336139962,3.0 85.48344350046546,22.119231333124656,3.0 85.48349333377992,22.11941433581993,3.0 85.48352783360922,22.1196219983759,3.0 85.48353149974737,22.119850329132152,3.0</coordinates>
                    </LineString>
                </Placemark>
                <Placemark id="103227">
                    <name>Shift 3_P1_Climb133</name>
                    <description>Shift: Shift 3
Type: Continuous Climb
Length: 22.0 m
Gradient: 3.6 %</description>
                    <styleUrl>#103228</styleUrl>
                    <LineString id="103226">
                        <extrude>1</extrude>
                        <altitudeMode>relativeToGround</altitudeMode>
                        <coordinates>85.48349683325807,22.12008199798435,3.0 85.48346649987052,22.12027849973684,3.0</coordinates>
                    </LineString>
                </Placemark>
                <Placemark id="103235">
                    <name>Shift 3_P1_Climb135</name>
                    <description>Shift: Shift 3
Type: Continuous Climb
Length: 25.8 m
Gradient: 2.1 %</description>
                    <styleUrl>#103236</styleUrl>
                    <LineString id="103234">
                        <extrude>1</extrude>
                        <altitudeMode>relativeToGround</altitudeMode>
                        <coordinates>85.48341883310381,22.12076300224038,3.0 85.48342516619743,22.120996000262533,3.0</coordinates>
                    </LineString>
                </Placemark>
                <Placemark id="103243">
                    <name>Shift 3_P1_Climb137</name>
                    <description>Shift: Shift 3
Type: Continuous Climb
Length: 68.8 m
Gradient: 5.8 %</description>
                    <styleUrl>#103244</styleUrl>
                    <LineString id="103242">
                        <extrude>1</extrude>
                        <altitudeMode>relativeToGround</altitudeMode>
                        <coordinates>85.48344266616422,22.121246335356254,3.0 85.48344399956054,22.121435995823266,3.0 85.4834604997226,22.121700502096136,3.0 85.4835871670168,22.121817994740177,3.0</coordinates>
                    </LineString>
                </Placemark>
                <Placemark id="103251">
                    <name>Shift 3_P1_Climb139</name>
                    <description>Shift: Shift 3
Type: Continuous Climb
Length: 83.7 m
Gradient: 6.6 %</description>
                    <styleUrl>#103252</styleUrl>
                    <LineString id="103250">
                        <extrude>1</extrude>
                        <altitudeMode>relativeToGround</altitudeMode>
                        <coordinates>85.48373916619519,22.121883498669444,3.0 85.48389150018431,22.121986498035444,3.0 85.48403950034599,22.122092663439194,3.0 85.48422433379277,22.122204328069824,3.0 85.4844056666606,22.12231349422721,3.0</coordinates>
                    </LineString>
                </Placemark>
                <Placemark id="103259">
                    <name>Shift 3_P1_Climb141</name>
                    <description>Shift: Shift 3
Type: Continuous Climb
Length: 160.4 m
Gradient: 4.5 %</description>
                    <styleUrl>#103260</styleUrl>
                    <LineString id="103258">
                        <extrude>1</extrude>
                        <altitudeMode>relativeToGround</altitudeMode>
                        <coordinates>85.48458433313914,22.122418661296113,3.0 85.48474599973022,22.122510501513343,3.0 85.4849103332742,22.122595998661605,3.0 85.48510400007899,22.12268500136606,3.0 85.48532133298458,22.122782334308194,3.0 85.48555533320736,22.122890163413278,3.0 85.48576183353815,22.122993329429637,3.0 85.4859491669577,22.12310833020397,3.0</coordinates>
                    </LineString>
                </Placemark>
                <Placemark id="103267">
                    <name>Shift 3_P1_Climb143</name>
                    <description>Shift: Shift 3
Type: Continuous Climb
Length: 70.4 m
Gradient: 5.9 %</description>
                    <styleUrl>#103268</styleUrl>
                    <LineString id="103266">
                        <extrude>1</extrude>
                        <altitudeMode>relativeToGround</altitudeMode>
                        <coordinates>85.48663316680803,22.12361632766129,3.0 85.4868178330403,22.123714168769958,3.0 85.48693833321214,22.12383616307519,3.0 85.48697766708618,22.123976661594845,3.0 85.48698983339312,22.124102836203335,3.0</coordinates>
                    </LineString>
                </Placemark>
                <Placemark id="103275">
                    <name>Shift 3_P1_Climb145</name>
                    <description>Shift: Shift 3
Type: Continuous Climb
Length: 211.5 m
Gradient: 12.6 %</description>
                    <styleUrl>#103276</styleUrl>
                    <LineString id="103274">
                        <extrude>1</extrude>
                        <altitudeMode>relativeToGround</altitudeMode>
                        <coordinates>85.48696583357281,22.124294998745892,3.0 85.48686816665546,22.12442499654771,3.0 85.48673049991561,22.124556827326018,3.0 85.48658533366542,22.124700998629443,3.0 85.48647066643892,22.124829835974445,3.0 85.4863686665203,22.124936499323823,3.0 85.48623700018896,22.12505482800575,3.0 85.48611433286645,22.1251724993913,3.0 85.48612149965095,22.125289830330036,3.0 85.4861816662348,22.125304496540867,3.0 85.48626283287348,22.125268000634133,3.0 85.48632383363966,22.125229168036686,3.0 85.4863734996756,22.125188830328536,3.0 85.4864238330909,22.125162336055382,3.0 85.48646399956897,22.125138999074327,3.0 85.48648183293362,22.12512999678579,3.0 85.48648950025142,22.125124160845882,3.0 85.486496666497,22.125119494440096,3.0 85.48650933292835,22.12511366872133,3.0 85.4865226665946,22.1251089962718,3.0 85.4865618335448,22.12507749396014,3.0 85.48661250025337,22.125029497149114,3.0 85.48666016667721,22.12498966467216,3.0</coordinates>
                    </LineString>
                </Placemark>
                <Placemark id="103283">
                    <name>Shift 3_P1_Climb147</name>
                    <description>Shift: Shift 3
Type: Continuous Climb
Length: 4.5 m
Gradient: 99.2 %</description>
                    <styleUrl>#103284</styleUrl>
                    <LineString id="103282">
                        <extrude>1</extrude>
                        <altitudeMode>relativeToGround</altitudeMode>
                        <coordinates>85.48669849994656,22.124963330021572,3.0 85.48670766674654,22.124955331221496,3.0 85.48671216679095,22.124952329101898,3.0 85.48671950025326,22.1249481610043,3.0 85.48672449975705,22.124946500273815,3.0 85.48672733301517,22.124944169146023,3.0 85.48673050007783,22.12494316883979,3.0 85.48673266692036,22.12494233087214,3.0 85.48673399990133,22.12494032905816,3.0</coordinates>
                    </LineString>
                </Placemark>
                <Placemark id="103291">
                    <name>Shift 3_P1_Climb149</name>
                    <description>Shift: Shift 3
Type: Continuous Climb
Length: 63.1 m
Gradient: 11.3 %</description>
                    <styleUrl>#103292</styleUrl>
                    <LineString id="103290">
                        <extrude>1</extrude>
                        <altitudeMode>relativeToGround</altitudeMode>
                        <coordinates>85.4867678332998,22.12490100056065,3.0 85.48681200041096,22.124841165494814,3.0 85.48686950037344,22.124766830939247,3.0 85.48694083341792,22.124685164015837,3.0 85.48700100004214,22.12460983348955,3.0 85.48706666681542,22.1245291617147,3.0 85.48713249988924,22.124444165046125,3.0</coordinates>
                    </LineString>
                </Placemark>
                <Placemark id="103299">
                    <name>Shift 3_P1_Climb151</name>
                    <description>Shift: Shift 3
Type: Continuous Climb
Length: 97.3 m
Gradient: 6.5 %</description>
                    <styleUrl>#103300</styleUrl>
                    <LineString id="103298">
                        <extrude>1</extrude>
                        <altitudeMode>relativeToGround</altitudeMode>
                        <coordinates>85.48723616681538,22.12433499664491,3.0 85.48741266634084,22.12428633207435,3.0 85.48755249993995,22.124328335649675,3.0 85.48771116684867,22.124432501304735,3.0 85.48788499971766,22.124498836093426,3.0 85.48810783338517,22.124554334342243,3.0</coordinates>
                    </LineString>
                </Placemark>
                <Placemark id="103307">
                    <name>Shift 3_P1_Climb153</name>
                    <description>Shift: Shift 3
Type: Continuous Climb
Length: 129.0 m
Gradient: 3.0 %</description>
                    <styleUrl>#103308</styleUrl>
                    <LineString id="103306">
                        <extrude>1</extrude>
                        <altitudeMode>relativeToGround</altitudeMode>
                        <coordinates>85.48833666687018,22.124534496393228,3.0 85.48856283324866,22.12445232956202,3.0 85.48880083377749,22.124368167464173,3.0 85.48904983303704,22.12432799409845,3.0 85.48929183349514,22.124302333491755,3.0 85.4895473332215,22.124276996136526,3.0</coordinates>
                    </LineString>
                </Placemark>
                <Placemark id="103319">
                    <name>Shift 3_P1_Climb155</name>
                    <description>Shift: Shift 3
Type: Continuous Climb
Length: 37.4 m
Gradient: 3.8 %</description>
                    <styleUrl>#103320</styleUrl>
                    <LineString id="103318">
                        <extrude>1</extrude>
                        <altitudeMode>relativeToGround</altitudeMode>
                        <coordinates>85.49050316630219,22.124195000977576,3.0 85.49068683341824,22.124189663174793,3.0 85.49085833344618,22.124235497347712,3.0</coordinates>
                    </LineString>
                </Placemark>
                <Placemark id="103327">
                    <name>Shift 3_P1_Climb157</name>
                    <description>Shift: Shift 3
Type: Continuous Climb
Length: 200.7 m
Gradient: 7.4 %</description>
                    <styleUrl>#103328</styleUrl>
                    <LineString id="103326">
                        <extrude>1</extrude>
                        <altitudeMode>relativeToGround</altitudeMode>
                        <coordinates>85.49098999973648,22.124319494368258,3.0 85.49115266637621,22.124368832358684,3.0 85.49135250048248,22.124431330343075,3.0 85.49155466636444,22.124512663652553,3.0 85.49175949963333,22.12460799413808,3.0 85.49195116711141,22.124716498109162,3.0 85.4921391670488,22.124854665777313,3.0 85.4923265003432,22.124997668332007,3.0 85.49248683325504,22.125125165994966,3.0 85.49263633325594,22.12524583450849,3.0</coordinates>
                    </LineString>
                </Placemark>
                <Placemark id="103335">
                    <name>Shift 3_P1_Climb159</name>
                    <description>Shift: Shift 3
Type: Continuous Climb
Length: 61.8 m
Gradient: 2.6 %</description>
                    <styleUrl>#103336</styleUrl>
                    <LineString id="103334">
                        <extrude>1</extrude>
                        <altitudeMode>relativeToGround</altitudeMode>
                        <coordinates>85.49277449954226,22.12537266657627,3.0 85.49292499982243,22.12549850145373,3.0 85.49308333321905,22.12561850147254,3.0 85.49322833323335,22.125737167960246,3.0</coordinates>
                    </LineString>
                </Placemark>
                <Placemark id="103343">
                    <name>Shift 3_P1_Climb161</name>
                    <description>Shift: Shift 3
Type: Continuous Climb
Length: 64.3 m
Gradient: 3.2 %</description>
                    <styleUrl>#103344</styleUrl>
                    <LineString id="103342">
                        <extrude>1</extrude>
                        <altitudeMode>relativeToGround</altitudeMode>
                        <coordinates>85.49336983364815,22.125861329719765,3.0 85.49350716652675,22.125993997342842,3.0 85.49366566648328,22.126141835545397,3.0 85.49381716665332,22.126265502136402,3.0</coordinates>
                    </LineString>
                </Placemark>
                <Placemark id="103351">
                    <name>Shift 3_P1_Climb163</name>
                    <description>Shift: Shift 3
Type: Continuous Climb
Length: 73.8 m
Gradient: 4.9 %</description>
                    <styleUrl>#103352</styleUrl>
                    <LineString id="103350">
                        <extrude>1</extrude>
                        <altitudeMode>relativeToGround</altitudeMode>
                        <coordinates>85.49452633343783,22.126869495862273,3.0 85.49465866667967,22.126986328235017,3.0 85.49478433314079,22.127108662852812,3.0 85.49491033288894,22.1272258340487,3.0 85.49502200026113,22.127348996825237,3.0</coordinates>
                    </LineString>
                </Placemark>
                <Placemark id="103359">
                    <name>Shift 3_P1_Climb165</name>
                    <description>Shift: Shift 3
Type: Continuous Climb
Length: 73.7 m
Gradient: 5.0 %</description>
                    <styleUrl>#103360</styleUrl>
                    <LineString id="103358">
                        <extrude>1</extrude>
                        <altitudeMode>relativeToGround</altitudeMode>
                        <coordinates>85.49512816655162,22.127483001623624,3.0 85.49523633291129,22.127613999018674,3.0 85.49533333335859,22.127746663723933,3.0 85.4954331664505,22.12788683313466,3.0 85.49554000017548,22.128027166372668,3.0</coordinates>
                    </LineString>
                </Placemark>
                <Placemark id="103367">
                    <name>Shift 3_P1_Climb167</name>
                    <description>Shift: Shift 3
Type: Continuous Climb
Length: 106.5 m
Gradient: 5.8 %</description>
                    <styleUrl>#103368</styleUrl>
                    <LineString id="103366">
                        <extrude>1</extrude>
                        <altitudeMode>relativeToGround</altitudeMode>
                        <coordinates>85.49581999988469,22.12832433158159,3.0 85.49592116672623,22.128549162620796,3.0 85.49600683303348,22.12878582744639,3.0 85.49610166701078,22.12900016786537,3.0 85.49622833376147,22.129205001615368,3.0</coordinates>
                    </LineString>
                </Placemark>
                <Placemark id="103375">
                    <name>Shift 3_P1_Climb169</name>
                    <description>Shift: Shift 3
Type: Continuous Climb
Length: 55.9 m
Gradient: 2.4 %</description>
                    <styleUrl>#103376</styleUrl>
                    <LineString id="103374">
                        <extrude>1</extrude>
                        <altitudeMode>relativeToGround</altitudeMode>
                        <coordinates>85.4970455001997,22.130453830528793,3.0 85.497135500207,22.130704995285235,3.0 85.49721133378,22.13093433425216,3.0</coordinates>
                    </LineString>
                </Placemark>
                <Placemark id="103383">
                    <name>Shift 3_P1_Climb171</name>
                    <description>Shift: Shift 3
Type: Continuous Climb
Length: 586.0 m
Gradient: 6.4 %</description>
                    <styleUrl>#103384</styleUrl>
                    <LineString id="103382">
                        <extrude>1</extrude>
                        <altitudeMode>relativeToGround</altitudeMode>
                        <coordinates>85.49777916654678,22.13221016434372,3.0 85.49777483346425,22.132410331824545,3.0 85.49772833385059,22.132620994923997,3.0 85.49764766670314,22.13284433173341,3.0 85.49754716656571,22.133068163303747,3.0 85.49742500000761,22.13328116442203,3.0 85.49729183328071,22.133492998335498,3.0 85.49717149953672,22.13371483150322,3.0 85.49704283372512,22.133950831566494,3.0 85.49691049962594,22.134187502223295,3.0 85.49677266675917,22.13440566935242,3.0 85.49661166704766,22.134605829517575,3.0 85.49644433345183,22.134793828020992,3.0 85.49625416664055,22.1349736676009,3.0 85.49600683363767,22.135105163718425,3.0 85.49574633353284,22.135193499748848,3.0 85.49552949962691,22.135224495263063,3.0 85.4953193336687,22.1352258361223,3.0 85.49509400052702,22.135205160912044,3.0 85.49487399951974,22.13517783270479,3.0 85.49467816630307,22.135209833678935,3.0 85.4944868331424,22.135264835708327,3.0 85.49427750033203,22.13527416734574,3.0 85.49403733332971,22.13527583486693,3.0</coordinates>
                    </LineString>
                </Placemark>
                <Placemark id="103391">
                    <name>Shift 3_P1_Climb173</name>
                    <description>Shift: Shift 3
Type: Continuous Climb
Length: 151.0 m
Gradient: 8.9 %</description>
                    <styleUrl>#103392</styleUrl>
                    <LineString id="103390">
                        <extrude>1</extrude>
                        <altitudeMode>relativeToGround</altitudeMode>
                        <coordinates>85.49353883323833,22.135285829457118,3.0 85.49328833297002,22.13529566490875,3.0 85.49302016684649,22.135311334185186,3.0 85.49278450019791,22.13531782846601,3.0 85.49261216665498,22.135262829403427,3.0 85.49249366680816,22.135161333159715,3.0 85.49244816709398,22.13501316466852,3.0 85.49247633382093,22.1348286629318,3.0</coordinates>
                    </LineString>
                </Placemark>
                <Placemark id="103399">
                    <name>Shift 3_P1_Climb175</name>
                    <description>Shift: Shift 3
Type: Continuous Climb
Length: 142.5 m
Gradient: 5.2 %</description>
                    <styleUrl>#103400</styleUrl>
                    <LineString id="103398">
                        <extrude>1</extrude>
                        <altitudeMode>relativeToGround</altitudeMode>
                        <coordinates>85.49252916657349,22.134615666764784,3.0 85.4925896669333,22.134389166053538,3.0 85.49263950004696,22.134245834305467,3.0 85.4926768329109,22.134101664498747,3.0 85.49272733308545,22.133940997112735,3.0 85.49277216641556,22.13375866338828,3.0 85.49280883297116,22.13356383498547,3.0 85.49282099980815,22.133361834556858,3.0</coordinates>
                    </LineString>
                </Placemark>
                <Placemark id="103407">
                    <name>Shift 3_P1_Climb177</name>
                    <description>Shift: Shift 3
Type: Continuous Climb
Length: 71.2 m
Gradient: 4.4 %</description>
                    <styleUrl>#103408</styleUrl>
                    <LineString id="103406">
                        <extrude>1</extrude>
                        <altitudeMode>relativeToGround</altitudeMode>
                        <coordinates>85.49268750043483,22.132973663504,3.0 85.4925551665774,22.13277766247725,3.0 85.49240350036048,22.132623997171414,3.0 85.49221383317605,22.132524661376898,3.0</coordinates>
                    </LineString>
                </Placemark>
                <Placemark id="103415">
                    <name>Shift 3_P1_Climb179</name>
                    <description>Shift: Shift 3
Type: Continuous Climb
Length: 75.1 m
Gradient: 7.0 %</description>
                    <styleUrl>#103416</styleUrl>
                    <LineString id="103414">
                        <extrude>1</extrude>
                        <altitudeMode>relativeToGround</altitudeMode>
                        <coordinates>85.4919869996535,22.132468995681474,3.0 85.49176466639932,22.132442662580367,3.0 85.4915883336946,22.132442667649705,3.0 85.49143316654721,22.13244882941177,3.0 85.49126433370532,22.132480497966043,3.0</coordinates>
                    </LineString>
                </Placemark>
                <Placemark id="103423">
                    <name>Shift 3_P1_Climb181</name>
                    <description>Shift: Shift 3
Type: Continuous Climb
Length: 104.7 m
Gradient: 43.5 %</description>
                    <styleUrl>#103424</styleUrl>
                    <LineString id="103422">
                        <extrude>1</extrude>
                        <altitudeMode>relativeToGround</altitudeMode>
                        <coordinates>85.49093233328719,22.13256349575061,3.0 85.49081783357761,22.132604165509452,3.0 85.4906851663066,22.132660834729478,3.0 85.49055866657365,22.132742164488914,3.0 85.49049916657859,22.132853829701073,3.0 85.49048083372757,22.132933829581088,3.0 85.49047716633098,22.132971667506563,3.0 85.49045816635017,22.132995002468864,3.0 85.49045033327334,22.13300599440805,3.0 85.49044816658083,22.133013994924095,3.0 85.49044733347137,22.133032494114126,3.0 85.49044866619093,22.133048168208017,3.0 85.4904515001681,22.1330613362161,3.0 85.49045550029894,22.13307333179828,3.0 85.49045833364426,22.13308583142056,3.0 85.4904585004067,22.13309383545714,3.0 85.49046866704464,22.1331144957289,3.0 85.490495999621,22.133146830789546,3.0 85.4905035001878,22.13315066658015,3.0 85.49050349992785,22.13315232849525,3.0 85.49050666631369,22.133155500975807,3.0 85.49050783321039,22.13315516854738,3.0 85.49050816637565,22.133153834869386,3.0 85.49051016670704,22.133153166928015,3.0 85.49051050043208,22.13315532870126,3.0 85.49051150016582,22.133164496559257,3.0 85.4905121667001,22.13316699560087,3.0 85.49051499971732,22.13316633536168,3.0 85.49051583369477,22.13316549405277,3.0 85.49051616661659,22.133160999116377,3.0 85.49051966706674,22.133160661176355,3.0 85.49052216648967,22.133165832626954,3.0 85.49052633317544,22.133171660782725,3.0 85.49052949995537,22.133176160994108,3.0 85.49053200044077,22.1331775028184,3.0 85.4905311670649,22.13317483062256,3.0 85.49053000009351,22.133169165695953,3.0 85.49053149998825,22.133165331869264,3.0 85.49053066627624,22.13316332805019,3.0 85.49053216661535,22.13316400127565,3.0 85.49053100005483,22.133163665327498,3.0 85.49053033324095,22.13316383077068,3.0 85.49052816628866,22.133164668782133,3.0 85.49052783379602,22.133164665706662,3.0 85.49053200038769,22.13316549907672,3.0 85.49053500013969,22.133168660983284,3.0 85.49053666635459,22.13317332795792,3.0 85.49053699966724,22.133175164569536,3.0 85.4905355003309,22.13317366942679,3.0 85.49053400012149,22.133172165243796,3.0 85.49053333349435,22.133173495837408,3.0 85.49053249976265,22.133172494587967,3.0 85.49053266624992,22.133169334871788,3.0 85.49053216656021,22.133170829588416,3.0</coordinates>
                    </LineString>
                </Placemark>
                <Placemark id="103431">
                    <name>Shift 3_P1_Climb183</name>
                    <description>Shift: Shift 3
Type: Continuous Climb
Length: 164.0 m
Gradient: 38.7 %</description>
                    <styleUrl>#103432</styleUrl>
                    <LineString id="103430">
                        <extrude>1</extrude>
                        <altitudeMode>relativeToGround</altitudeMode>
                        <coordinates>85.4905313333299,22.133176331499097,3.0 85.49053250030138,22.133181996425694,3.0 85.49053250043119,22.13318116546814,3.0 85.49053366633906,22.133181835600194,3.0 85.49053200017917,22.133184168550343,3.0 85.49053166636322,22.13318083259545,3.0 85.49053016712111,22.133184332238223,3.0 85.49052950043696,22.133183666723852,3.0 85.49052933366868,22.133180666504025,3.0 85.49052866631418,22.133176333926325,3.0 85.4905269998005,22.133175334005983,3.0 85.49052399962183,22.13317166629434,3.0 85.49052266692397,22.133174002328857,3.0 85.49052366699931,22.133172494176407,3.0 85.49052416652209,22.133168831739777,3.0 85.49052133328104,22.13316532815112,3.0 85.49051933304234,22.13316216645747,3.0 85.49051816661176,22.133160999551674,3.0 85.49051650010081,22.133154995814397,3.0 85.49051599981405,22.133149996402143,3.0 85.49051633296192,22.133144661476912,3.0 85.49051833349608,22.133140335512348,3.0 85.49052416693647,22.13314150042623,3.0 85.49056116627168,22.133172994579375,3.0 85.49059149956004,22.13319166462519,3.0 85.49061016636142,22.13320432875868,3.0 85.49061666710455,22.133207830138904,3.0 85.49062750026305,22.133219166344837,3.0 85.49063116711127,22.133224502138408,3.0 85.49063616641696,22.133228161241938,3.0 85.49064633373379,22.133239662899328,3.0 85.49065566715026,22.133247995587155,3.0 85.49066133376913,22.133249167985603,3.0 85.4906633331319,22.133248500033428,3.0 85.49066500033742,22.133247160629235,3.0 85.49066366696724,22.133245829601478,3.0 85.49066633318417,22.13324799488329,3.0 85.4906671662648,22.13324933031603,3.0 85.49067099965856,22.133253502500438,3.0 85.49067683348099,22.133256997710127,3.0 85.49067766626351,22.133256996380272,3.0 85.49068433363482,22.133265331505104,3.0 85.49068550021845,22.133269668699654,3.0 85.4906863337824,22.13326850222825,3.0 85.49069000003738,22.133271164495557,3.0 85.49069850000497,22.133280835264664,3.0 85.49069633319547,22.13327483593391,3.0 85.49069883297705,22.133273332618614,3.0 85.49069483366114,22.133262168007782,3.0 85.49069783375433,22.13326466153484,3.0 85.49069750021432,22.13326366491232,3.0 85.49070083371062,22.133264165415348,3.0 85.49070316670542,22.13326566826696,3.0 85.49070333299075,22.133266166573737,3.0 85.4906971670061,22.133256996095877,3.0 85.49069183341358,22.133251500373717,3.0 85.4906888334761,22.13325099392338,3.0 85.49068683312544,22.133252664436572,3.0 85.49068783350144,22.133257496862726,3.0 85.49069133295083,22.133264167866642,3.0 85.49069233315755,22.133266832572613,3.0 85.49069349992594,22.133267331100495,3.0 85.49069366635868,22.133265995879995,3.0 85.4907008337552,22.133272167910242,3.0 85.49070533353748,22.133275668845098,3.0 85.49070933333313,22.133279327734503,3.0 85.49071633282387,22.133285335632323,3.0 85.49072166621197,22.133290668772982,3.0 85.4907218331314,22.1332918354655,3.0 85.49071983304219,22.133290660850836,3.0 85.49072066624785,22.133286161508586,3.0 85.49071433349332,22.133278994628615,3.0 85.49071283305582,22.133278330435992,3.0 85.49071549992651,22.133280161533143,3.0 85.49072033323128,22.13328566165979,3.0 85.49072433289012,22.133286330902354,3.0 85.49072499985144,22.133284331931094,3.0 85.49072533377782,22.13328283568074,3.0 85.4907248334373,22.133284664581954,3.0 85.49071716617674,22.133279002762794,3.0 85.49070766638123,22.133274001406807,3.0 85.49070616682127,22.133272163041337,3.0 85.49070299980849,22.133268502821878,3.0 85.49070033322252,22.133267827843753,3.0 85.49069766677958,22.133266502551333,3.0 85.49069366646548,22.133261163674963,3.0 85.49069033311675,22.13325882964451,3.0 85.49068816655837,22.133260995389332,3.0 85.49068733373866,22.133263001858595,3.0 85.49068566654847,22.133258334876242,3.0 85.49068233368304,22.133253498941574,3.0 85.49067916691514,22.133247996163163,3.0 85.49067533306786,22.133240500139586,3.0 85.4906748331109,22.133234832350738,3.0 85.49067550022026,22.133230999852433,3.0 85.49067549967513,22.13322650183132,3.0 85.4906741666779,22.13322249728752,3.0 85.49067066666944,22.133217334648975,3.0 85.4906674997363,22.13321466796732,3.0 85.49066583376327,22.13321316225233,3.0 85.49066499961725,22.133211835841887,3.0 85.49066516670264,22.133210166437514,3.0 85.49066450018418,22.13320666482671,3.0 85.49066450027313,22.13320283519136,3.0 85.49066366704501,22.133203333285888,3.0 85.49066400039946,22.133208168575067,3.0 85.49066166677228,22.133205997337207,3.0 85.49066083300197,22.133207001227703,3.0 85.49066266660502,22.13321133555946,3.0 85.49066166698393,22.133216167552174,3.0 85.49066116695975,22.13321833064605,3.0 85.49066116649507,22.133219829980433,3.0 85.49066133360428,22.133227165640545,3.0 85.49066300019962,22.133234162915073,3.0 85.49066533373826,22.133240163788276,3.0 85.49066816649838,22.13324116546166,3.0 85.49066949999758,22.133241665531774,3.0 85.49068333359888,22.13324499989418,3.0 85.49068749968912,22.133244333917084,3.0 85.49068616648482,22.133240166792554,3.0 85.49068449965229,22.133238832680835,3.0 85.49068566654935,22.133238500251156,3.0 85.49068900029215,22.13324216201296,3.0 85.49068883361228,22.133240335974893,3.0 85.49068433372115,22.133236663427574,3.0 85.4906795002532,22.133233999396953,3.0 85.49068000000062,22.133234500787886,3.0 85.49068500038771,22.133238331511045,3.0 85.49069050012794,22.133241335893686,3.0 85.49069600011202,22.133242497717596,3.0 85.4907043338076,22.13324566379276,3.0 85.4907064998644,22.13324700252145,3.0 85.49071383328415,22.133250330955946,3.0 85.49072083331116,22.13325082924035,3.0 85.49072316647133,22.13324949599469,3.0 85.4907291664842,22.133253498540594,3.0 85.49073666626427,22.133259502032328,3.0 85.4907334997654,22.133261161760977,3.0 85.49073100026001,22.133260000591907,3.0 85.49072799973885,22.13325700126047,3.0 85.49073183331814,22.13325733477686,3.0 85.49073633354142,22.133255335128947,3.0 85.4907389997181,22.13325450173182,3.0 85.49073733320192,22.133253501813492,3.0 85.49074150046826,22.133252998424787,3.0 85.49074483314192,22.133251665390635,3.0 85.49074516649375,22.13325149686257,3.0 85.49074283327387,22.133250834000428,3.0 85.49073833308726,22.133250828509134,3.0 85.4907313330236,22.13325233536487,3.0 85.49072816629993,22.133254835082305,3.0 85.49072516661961,22.133252666717397,3.0 85.49073249996216,22.133255001612667,3.0 85.49074083350735,22.13325499739614,3.0 85.49074716678929,22.133252834057718,3.0 85.4907513335681,22.133249828755655,3.0 85.49075549999344,22.133248494400004,3.0 85.49075866701556,22.133247331444597,3.0 85.49079366678134,22.133252496370268,3.0 85.49084866632876,22.133256500452315,3.0 85.49092816666978,22.133244166100837,3.0 85.49098683298044,22.13317616352212,3.0 85.49096683316976,22.13308732791594,3.0 85.49091950041665,22.133041169418362,3.0 85.49090950052319,22.133026327425775,3.0 85.49091066691453,22.133040329030283,3.0 85.49090866702689,22.133067163153164,3.0 85.49090849989102,22.13307666344164,3.0 85.49092016628673,22.13307166815374,3.0 85.49093383306656,22.133078830588364,3.0 85.4909441663895,22.13307866421015,3.0 85.49094066699642,22.13306916614508,3.0 85.49093716640225,22.133049497854717,3.0 85.49093849993992,22.13303716322111,3.0 85.49093900033947,22.133037330427317,3.0 85.49092666695086,22.13303049644917,3.0 85.49090833380929,22.133017998015813,3.0 85.49086383345904,22.133001996987012,3.0 85.49080733365888,22.132993499088194,3.0</coordinates>
                    </LineString>
                </Placemark>
                <Placemark id="103439">
                    <name>Shift 3_P1_Climb185</name>
                    <description>Shift: Shift 3
Type: Continuous Climb
Length: 358.5 m
Gradient: 7.7 %</description>
                    <styleUrl>#103440</styleUrl>
                    <LineString id="103438">
                        <extrude>1</extrude>
                        <altitudeMode>relativeToGround</altitudeMode>
                        <coordinates>85.49074333338146,22.132972331938046,3.0 85.49067533365056,22.132903166998176,3.0 85.49063700013343,22.132795998118965,3.0 85.49068966648329,22.132664660825533,3.0 85.49083933303338,22.132583165846732,3.0 85.4910431663048,22.132546501431253,3.0 85.49127966705015,22.132508494914234,3.0 85.49146316675186,22.13249649849435,3.0 85.49159183349501,22.132498834899557,3.0 85.49174866691237,22.132499164450657,3.0 85.49195249975074,22.132517333153142,3.0 85.49217333373582,22.132569502211517,3.0 85.4923681663336,22.132708997624935,3.0 85.49252349962754,22.132904335127357,3.0 85.49263083354244,22.133114502535435,3.0 85.49268033301426,22.133324162794594,3.0 85.49267183361846,22.13351066175327,3.0 85.49262133290603,22.133686331557193,3.0 85.49256000020996,22.13386099805902,3.0</coordinates>
                    </LineString>
                </Placemark>
                <Placemark id="103447">
                    <name>Shift 3_P1_Climb187</name>
                    <description>Shift: Shift 3
Type: Continuous Climb
Length: 36.9 m
Gradient: 4.2 %</description>
                    <styleUrl>#103448</styleUrl>
                    <LineString id="103446">
                        <extrude>1</extrude>
                        <altitudeMode>relativeToGround</altitudeMode>
                        <coordinates>85.49250016673886,22.134023493985833,3.0 85.49245133291974,22.134174494199822,3.0 85.49239266678354,22.134341327260504,3.0</coordinates>
                    </LineString>
                </Placemark>
                <Placemark id="103455">
                    <name>Shift 3_P1_Climb189</name>
                    <description>Shift: Shift 3
Type: Continuous Climb
Length: 97.6 m
Gradient: 3.7 %</description>
                    <styleUrl>#103456</styleUrl>
                    <LineString id="103454">
                        <extrude>1</extrude>
                        <altitudeMode>relativeToGround</altitudeMode>
                        <coordinates>85.49227749959063,22.13502966120957,3.0 85.49240583299567,22.135171829963824,3.0 85.49260283352262,22.13524433563549,3.0 85.49287099989402,22.13526616859415,3.0 85.4931364998525,22.13526699477091,3.0</coordinates>
                    </LineString>
                </Placemark>
                <Placemark id="103463">
                    <name>Shift 3_P1_Climb191</name>
                    <description>Shift: Shift 3
Type: Continuous Climb
Length: 382.5 m
Gradient: 8.4 %</description>
                    <styleUrl>#103464</styleUrl>
                    <LineString id="103462">
                        <extrude>1</extrude>
                        <altitudeMode>relativeToGround</altitudeMode>
                        <coordinates>85.49512566686566,22.135407331025185,3.0 85.4952383334392,22.13550099495834,3.0 85.49535583348424,22.135543328392558,3.0 85.49549183289159,22.135544166899763,3.0 85.49562433375215,22.1354934986843,3.0 85.49577116629014,22.13541983107481,3.0 85.4959516669513,22.13535600259965,3.0 85.49617816625275,22.13526250263103,3.0 85.4963643333362,22.13513400132866,3.0 85.49652866631271,22.13497583566751,3.0 85.49668200041353,22.134810162107822,3.0 85.4968415001732,22.134627664039137,3.0 85.49700450040248,22.134438667767423,3.0 85.49715633379287,22.134238160825667,3.0 85.49728666644275,22.13402699646304,3.0 85.49741199990534,22.13381566852332,3.0 85.4975150000644,22.1336323333103,3.0 85.49758299962107,22.13350216435972,3.0 85.4976214996305,22.133444161887056,3.0 85.49763716698537,22.13342132825636,3.0 85.49763933383697,22.133417663074944,3.0 85.49764066681466,22.13341382763739,3.0 85.4976418330528,22.133409168736275,3.0 85.49764133321757,22.133406662220427,3.0 85.4976436667125,22.133403829533783,3.0 85.49766416637193,22.133367329535634,3.0</coordinates>
                    </LineString>
                </Placemark>
                <Placemark id="103471">
                    <name>Shift 3_P1_Climb193</name>
                    <description>Shift: Shift 3
Type: Continuous Climb
Length: 40.7 m
Gradient: 2.4 %</description>
                    <styleUrl>#103472</styleUrl>
                    <LineString id="103470">
                        <extrude>1</extrude>
                        <altitudeMode>relativeToGround</altitudeMode>
                        <coordinates>85.49771416660451,22.13325233145526,3.0 85.49777566640758,22.13307116105954,3.0 85.49783866700237,22.132903498524787,3.0</coordinates>
                    </LineString>
                </Placemark>
                <Placemark id="103479">
                    <name>Shift 3_P1_Climb195</name>
                    <description>Shift: Shift 3
Type: Continuous Climb
Length: 68.7 m
Gradient: 3.0 %</description>
                    <styleUrl>#103480</styleUrl>
                    <LineString id="103478">
                        <extrude>1</extrude>
                        <altitudeMode>relativeToGround</altitudeMode>
                        <coordinates>85.49793533362606,22.132501995513742,3.0 85.49794133379098,22.132291329902625,3.0 85.4979168338277,22.132090996377435,3.0 85.49785233355597,22.131892001754277,3.0</coordinates>
                    </LineString>
                </Placemark>
                <Placemark id="103487">
                    <name>Shift 3_P1_Climb197</name>
                    <description>Shift: Shift 3
Type: Continuous Climb
Length: 197.0 m
Gradient: 5.8 %</description>
                    <styleUrl>#103488</styleUrl>
                    <LineString id="103486">
                        <extrude>1</extrude>
                        <altitudeMode>relativeToGround</altitudeMode>
                        <coordinates>85.49776049998685,22.131693161958733,3.0 85.49764400049271,22.131483662884666,3.0 85.4975186663864,22.13125783350708,3.0 85.49739216648017,22.13104616480782,3.0 85.497271999625,22.13080833390848,3.0 85.49716466697882,22.13056983531386,3.0 85.49705500000594,22.130311164362723,3.0 85.49692283294833,22.13009732963024,3.0</coordinates>
                    </LineString>
                </Placemark>
                <Placemark id="103495">
                    <name>Shift 3_P1_Climb199</name>
                    <description>Shift: Shift 3
Type: Continuous Climb
Length: 138.8 m
Gradient: 7.5 %</description>
                    <styleUrl>#103496</styleUrl>
                    <LineString id="103494">
                        <extrude>1</extrude>
                        <altitudeMode>relativeToGround</altitudeMode>
                        <coordinates>85.49677283340263,22.129877829961593,3.0 85.49661733352356,22.129641994481645,3.0 85.49645233331692,22.129406830055867,3.0 85.4962973334544,22.12917649951215,3.0 85.49618233360377,22.128984833842186,3.0 85.4960990002898,22.128795663737762,3.0</coordinates>
                    </LineString>
                </Placemark>
                <Placemark id="103503">
                    <name>Shift 3_P1_Climb201</name>
                    <description>Shift: Shift 3
Type: Continuous Climb
Length: 228.1 m
Gradient: 5.2 %</description>
                    <styleUrl>#103504</styleUrl>
                    <LineString id="103502">
                        <extrude>1</extrude>
                        <altitudeMode>relativeToGround</altitudeMode>
                        <coordinates>85.495488166883,22.127774997853017,3.0 85.49532750020272,22.12760983564294,3.0 85.49517450005314,22.127431168603113,3.0 85.4950245004271,22.12728099853089,3.0 85.49487883341287,22.127119334191136,3.0 85.49473950048029,22.126973498331438,3.0 85.49457883307997,22.1267943355679,3.0 85.4944481671676,22.12666266058392,3.0 85.4943251668561,22.126566001713513,3.0 85.4942113337881,22.126451164260423,3.0 85.49410150005804,22.12635499701482,3.0 85.49399483321842,22.126259500204316,3.0</coordinates>
                    </LineString>
                </Placemark>
                <Placemark id="103511">
                    <name>Shift 3_P1_Climb203</name>
                    <description>Shift: Shift 3
Type: Continuous Climb
Length: 30.5 m
Gradient: 3.5 %</description>
                    <styleUrl>#103512</styleUrl>
                    <LineString id="103510">
                        <extrude>1</extrude>
                        <altitudeMode>relativeToGround</altitudeMode>
                        <coordinates>85.49359766715895,22.125881830993563,3.0 85.49350633348729,22.125783666385583,3.0 85.4933950000547,22.12568166814092,3.0</coordinates>
                    </LineString>
                </Placemark>
                <Placemark id="103519">
                    <name>Shift 3_P1_Climb205</name>
                    <description>Shift: Shift 3
Type: Continuous Climb
Length: 47.4 m
Gradient: 4.6 %</description>
                    <styleUrl>#103520</styleUrl>
                    <LineString id="103518">
                        <extrude>1</extrude>
                        <altitudeMode>relativeToGround</altitudeMode>
                        <coordinates>85.492959999746,22.12530449732862,3.0 85.49279600013905,22.125156833529577,3.0 85.49262049976694,22.125016831049248,3.0</coordinates>
                    </LineString>
                </Placemark>
                <Placemark id="103527">
                    <name>Shift 3_P1_Climb207</name>
                    <description>Shift: Shift 3
Type: Continuous Climb
Length: 122.9 m
Gradient: 6.8 %</description>
                    <styleUrl>#103528</styleUrl>
                    <LineString id="103526">
                        <extrude>1</extrude>
                        <altitudeMode>relativeToGround</altitudeMode>
                        <coordinates>85.49245299964065,22.124888002821077,3.0 85.49227500013279,22.124778496633052,3.0 85.49209549984658,22.124690165878896,3.0 85.49190616641701,22.12459816735307,3.0 85.49174366694115,22.124534163386507,3.0 85.49157149973523,22.12446333192946,3.0 85.49139033314108,22.124390827467572,3.0</coordinates>
                    </LineString>
                </Placemark>
                <Placemark id="103535">
                    <name>Shift 3_P1_Climb209</name>
                    <description>Shift: Shift 3
Type: Continuous Climb
Length: 131.2 m
Gradient: 6.1 %</description>
                    <styleUrl>#103536</styleUrl>
                    <LineString id="103534">
                        <extrude>1</extrude>
                        <altitudeMode>relativeToGround</altitudeMode>
                        <coordinates>85.4911460003883,22.124297669491824,3.0 85.49093933379035,22.124275996742405,3.0 85.49070683328956,22.124281669130383,3.0 85.49045800045636,22.124306166745253,3.0 85.49017700044831,22.1243411689389,3.0 85.48988250037618,22.124377996703842,3.0</coordinates>
                    </LineString>
                </Placemark>
                <Placemark id="103543">
                    <name>Shift 3_P1_Climb211</name>
                    <description>Shift: Shift 3
Type: Continuous Climb
Length: 131.4 m
Gradient: 3.6 %</description>
                    <styleUrl>#103544</styleUrl>
                    <LineString id="103542">
                        <extrude>1</extrude>
                        <altitudeMode>relativeToGround</altitudeMode>
                        <coordinates>85.48959633297736,22.124428666050477,3.0 85.48932533381709,22.12447049728392,3.0 85.489049667095,22.12451466934809,3.0 85.48877166714965,22.124557997410843,3.0 85.48855583301825,22.124602496720716,3.0 85.48834016676469,22.124616161489737,3.0</coordinates>
                    </LineString>
                </Placemark>
                <Placemark id="103551">
                    <name>Shift 3_P1_Climb213</name>
                    <description>Shift: Shift 3
Type: Continuous Climb
Length: 367.6 m
Gradient: 8.1 %</description>
                    <styleUrl>#103552</styleUrl>
                    <LineString id="103550">
                        <extrude>1</extrude>
                        <altitudeMode>relativeToGround</altitudeMode>
                        <coordinates>85.48815466640933,22.12463200210955,3.0 85.48796949964895,22.124610669229558,3.0 85.48781116653406,22.124523333817965,3.0 85.48765350027375,22.124411500186856,3.0 85.48744916663647,22.124335335558808,3.0 85.48723783339753,22.124300834397076,3.0 85.48703749965637,22.124270002615138,3.0 85.48685450002613,22.12427882889692,3.0 85.48671133292264,22.124307000797636,3.0 85.48653216667664,22.124325499562865,3.0 85.48636016691762,22.124328502173167,3.0 85.4861654995381,22.124308831420247,3.0 85.48599183281864,22.124276502454325,3.0 85.48582366702853,22.12420266738445,3.0 85.48568633329043,22.12407982969284,3.0 85.48555383338005,22.12394599944621,3.0 85.48542283358637,22.12383083441917,3.0 85.48529733311192,22.123804668978433,3.0 85.48523050023203,22.12385616436987,3.0 85.4852108330864,22.123870496545702,3.0 85.48522916627077,22.12381399892863,3.0 85.48524666623639,22.12374666402406,3.0 85.4852698330838,22.123696669242054,3.0 85.48527533307302,22.123674663754567,3.0 85.48526349989065,22.123672828814684,3.0 85.48525383368636,22.123673497823702,3.0 85.48524883345387,22.12367550172575,3.0 85.48524516629617,22.123679667649974,3.0 85.48524149969754,22.123683327778643,3.0 85.48523550002962,22.123683335332522,3.0 85.48522833287191,22.123681832715295,3.0 85.48522683292049,22.12368050010256,3.0 85.4852229997156,22.123682334189677,3.0 85.48521883316693,22.12368633290056,3.0 85.48521399974955,22.123688329317247,3.0 85.48521149963747,22.12368833321464,3.0 85.48520616627049,22.1236906682138,3.0 85.48519983290153,22.123691332017103,3.0 85.48519833335061,22.123692501314522,3.0 85.48519816708452,22.123693999109285,3.0 85.48519883287906,22.123695829782527,3.0</coordinates>
                    </LineString>
                </Placemark>
                <Placemark id="103559">
                    <name>Shift 3_P1_Climb215</name>
                    <description>Shift: Shift 3
Type: Continuous Climb
Length: 1.6 m
Gradient: 45.0 %</description>
                    <styleUrl>#103560</styleUrl>
                    <LineString id="103558">
                        <extrude>1</extrude>
                        <altitudeMode>relativeToGround</altitudeMode>
                        <coordinates>85.48519683357001,22.123699496349232,3.0 85.4851865002319,22.12370099915394,3.0 85.4851843332019,22.123699497771977,3.0 85.48518499952209,22.123697833006506,3.0</coordinates>
                    </LineString>
                </Placemark>
                <Placemark id="103563">
                    <name>Shift 3_P2_Climb216</name>
                    <description>Shift: Shift 3
Type: Continuous Climb
Length: 4.6 m
Gradient: 68.1 %</description>
                    <styleUrl>#103564</styleUrl>
                    <LineString id="103562">
                        <extrude>1</extrude>
                        <altitudeMode>relativeToGround</altitudeMode>
                        <coordinates>85.48517099982585,22.12369299734512,3.0 85.48516983295521,22.123692336202087,3.0 85.48516916674134,22.123691995830267,3.0 85.48517016675476,22.123689494171032,3.0 85.48517083308501,22.12368583329967,3.0 85.48516933303964,22.123682332968574,3.0 85.48516583291644,22.123682661775405,3.0 85.48516333325752,22.12368416501385,3.0 85.48516099949633,22.123686834939583,3.0 85.48515899973353,22.123689002164003,3.0 85.48515933386952,22.123691660717913,3.0 85.48516000017767,22.12369416880761,3.0 85.48516033380743,22.123696330588356,3.0 85.48515949984927,22.12369916797813,3.0 85.48515733311481,22.123699996894302,3.0 85.48515616689801,22.123700997673584,3.0 85.48515666689866,22.12370183327154,3.0 85.48515816634334,22.123702669111726,3.0</coordinates>
                    </LineString>
                </Placemark>
                <Placemark id="103571">
                    <name>Shift 3_P2_Climb218</name>
                    <description>Shift: Shift 3
Type: Continuous Climb
Length: 0.3 m
Gradient: 29.8 %</description>
                    <styleUrl>#103572</styleUrl>
                    <LineString id="103570">
                        <extrude>1</extrude>
                        <altitudeMode>relativeToGround</altitudeMode>
                        <coordinates>85.4851595003331,22.123705833712297,3.0 85.48515900011128,22.123708827745602,3.0</coordinates>
                    </LineString>
                </Placemark>
                <Placemark id="103579">
                    <name>Shift 3_P2_Climb220</name>
                    <description>Shift: Shift 3
Type: Continuous Climb
Length: 4.1 m
Gradient: 102.6 %</description>
                    <styleUrl>#103580</styleUrl>
                    <LineString id="103578">
                        <extrude>1</extrude>
                        <altitudeMode>relativeToGround</altitudeMode>
                        <coordinates>85.4851581671223,22.123711665144356,3.0 85.48515766649855,22.123714334016384,3.0 85.48515600027078,22.12371649530364,3.0 85.48515399954833,22.123716666413028,3.0 85.48515333298593,22.123714998311275,3.0 85.48515083292683,22.123713999639126,3.0 85.485151000005,22.123713332810148,3.0 85.48515250041906,22.123714168659387,3.0 85.48515499950886,22.123715167322523,3.0 85.48515716689742,22.1237160003288,3.0 85.48515833346288,22.123716327279396,3.0 85.48516233328233,22.12371649987819,3.0 85.48516816628313,22.123717664960516,3.0 85.48516833294934,22.123718669076187,3.0 85.48516933372139,22.123718000951285,3.0 85.4851699996321,22.123715830381464,3.0 85.48516883342523,22.12371483505488,3.0 85.48516949984224,22.123713161258234,3.0</coordinates>
                    </LineString>
                </Placemark>
            </Folder>
            <Folder id="102688">
                <Style id="102696">
                    <LineStyle id="102697">
                        <color>ff008000</color>
                        <colorMode>normal</colorMode>
                        <width>1.5</width>
                    </LineStyle>
                </Style>
                <Style id="102704">
                    <LineStyle id="102705">
                        <color>ff008000</color>
                        <colorMode>normal</colorMode>
                        <width>1.5</width>
                    </LineStyle>
                </Style>
                <Style id="102712">
                    <LineStyle id="102713">
                        <color>ff008000</color>
                        <colorMode>normal</colorMode>
                        <width>1.5</width>
                    </LineStyle>
                </Style>
                <Style id="102720">
                    <LineStyle id="102721">
                        <color>ff008000</color>
                        <colorMode>normal</colorMode>
                        <width>1.5</width>
                    </LineStyle>
                </Style>
                <Style id="102728">
                    <LineStyle id="102729">
                        <color>ff008000</color>
                        <colorMode>normal</colorMode>
                        <width>1.5</width>
                    </LineStyle>
                </Style>
                <Style id="102736">
                    <LineStyle id="102737">
                        <color>ff008000</color>
                        <colorMode>normal</colorMode>
                        <width>1.5</width>
                    </LineStyle>
                </Style>
                <Style id="102744">
                    <LineStyle id="102745">
                        <color>ff008000</color>
                        <colorMode>normal</colorMode>
                        <width>1.5</width>
                    </LineStyle>
                </Style>
                <Style id="102756">
                    <LineStyle id="102757">
                        <color>ff008000</color>
                        <colorMode>normal</colorMode>
                        <width>1.5</width>
                    </LineStyle>
                </Style>
                <Style id="102764">
                    <LineStyle id="102765">
                        <color>ff008000</color>
                        <colorMode>normal</colorMode>
                        <width>1.5</width>
                    </LineStyle>
                </Style>
                <Style id="102772">
                    <LineStyle id="102773">
                        <color>ff008000</color>
                        <colorMode>normal</colorMode>
                        <width>1.5</width>
                    </LineStyle>
                </Style>
                <Style id="102780">
                    <LineStyle id="102781">
                        <color>ff008000</color>
                        <colorMode>normal</colorMode>
                        <width>1.5</width>
                    </LineStyle>
                </Style>
                <Style id="102788">
                    <LineStyle id="102789">
                        <color>ff008000</color>
                        <colorMode>normal</colorMode>
                        <width>1.5</width>
                    </LineStyle>
                </Style>
                <Style id="102796">
                    <LineStyle id="102797">
                        <color>ff008000</color>
                        <colorMode>normal</colorMode>
                        <width>1.5</width>
                    </LineStyle>
                </Style>
                <Style id="102804">
                    <LineStyle id="102805">
                        <color>ff008000</color>
                        <colorMode>normal</colorMode>
                        <width>1.5</width>
                    </LineStyle>
                </Style>
                <Style id="102812">
                    <LineStyle id="102813">
                        <color>ff008000</color>
                        <colorMode>normal</colorMode>
                        <width>1.5</width>
                    </LineStyle>
                </Style>
                <Style id="102820">
                    <LineStyle id="102821">
                        <color>ff008000</color>
                        <colorMode>normal</colorMode>
                        <width>1.5</width>
                    </LineStyle>
                </Style>
                <Style id="102828">
                    <LineStyle id="102829">
                        <color>ff008000</color>
                        <colorMode>normal</colorMode>
                        <width>1.5</width>
                    </LineStyle>
                </Style>
                <Style id="102836">
                    <LineStyle id="102837">
                        <color>ff008000</color>
                        <colorMode>normal</colorMode>
                        <width>1.5</width>
                    </LineStyle>
                </Style>
                <Style id="102844">
                    <LineStyle id="102845">
                        <color>ff008000</color>
                        <colorMode>normal</colorMode>
                        <width>1.5</width>
                    </LineStyle>
                </Style>
                <Style id="102852">
                    <LineStyle id="102853">
                        <color>ff008000</color>
                        <colorMode>normal</colorMode>
                        <width>1.5</width>
                    </LineStyle>
                </Style>
                <Style id="102860">
                    <LineStyle id="102861">
                        <color>ff008000</color>
                        <colorMode>normal</colorMode>
                        <width>1.5</width>
                    </LineStyle>
                </Style>
                <Style id="102868">
                    <LineStyle id="102869">
                        <color>ff008000</color>
                        <colorMode>normal</colorMode>
                        <width>1.5</width>
                    </LineStyle>
                </Style>
                <Style id="102876">
                    <LineStyle id="102877">
                        <color>ff008000</color>
                        <colorMode>normal</colorMode>
                        <width>1.5</width>
                    </LineStyle>
                </Style>
                <Style id="102884">
                    <LineStyle id="102885">
                        <color>ff008000</color>
                        <colorMode>normal</colorMode>
                        <width>1.5</width>
                    </LineStyle>
                </Style>
                <Style id="102892">
                    <LineStyle id="102893">
                        <color>ff008000</color>
                        <colorMode>normal</colorMode>
                        <width>1.5</width>
                    </LineStyle>
                </Style>
                <Style id="102900">
                    <LineStyle id="102901">
                        <color>ff008000</color>
                        <colorMode>normal</colorMode>
                        <width>1.5</width>
                    </LineStyle>
                </Style>
                <Style id="102908">
                    <LineStyle id="102909">
                        <color>ff008000</color>
                        <colorMode>normal</colorMode>
                        <width>1.5</width>
                    </LineStyle>
                </Style>
                <Style id="102916">
                    <LineStyle id="102917">
                        <color>ff008000</color>
                        <colorMode>normal</colorMode>
                        <width>1.5</width>
                    </LineStyle>
                </Style>
                <Style id="102924">
                    <LineStyle id="102925">
                        <color>ff008000</color>
                        <colorMode>normal</colorMode>
                        <width>1.5</width>
                    </LineStyle>
                </Style>
                <Style id="102932">
                    <LineStyle id="102933">
                        <color>ff008000</color>
                        <colorMode>normal</colorMode>
                        <width>1.5</width>
                    </LineStyle>
                </Style>
                <Style id="102940">
                    <LineStyle id="102941">
                        <color>ff008000</color>
                        <colorMode>normal</colorMode>
                        <width>1.5</width>
                    </LineStyle>
                </Style>
                <Style id="102948">
                    <LineStyle id="102949">
                        <color>ff008000</color>
                        <colorMode>normal</colorMode>
                        <width>1.5</width>
                    </LineStyle>
                </Style>
                <Style id="102956">
                    <LineStyle id="102957">
                        <color>ff008000</color>
                        <colorMode>normal</colorMode>
                        <width>1.5</width>
                    </LineStyle>
                </Style>
                <Style id="102964">
                    <LineStyle id="102965">
                        <color>ff008000</color>
                        <colorMode>normal</colorMode>
                        <width>1.5</width>
                    </LineStyle>
                </Style>
                <Style id="102972">
                    <LineStyle id="102973">
                        <color>ff008000</color>
                        <colorMode>normal</colorMode>
                        <width>1.5</width>
                    </LineStyle>
                </Style>
                <Style id="102980">
                    <LineStyle id="102981">
                        <color>ff008000</color>
                        <colorMode>normal</colorMode>
                        <width>1.5</width>
                    </LineStyle>
                </Style>
                <Style id="102988">
                    <LineStyle id="102989">
                        <color>ff008000</color>
                        <colorMode>normal</colorMode>
                        <width>1.5</width>
                    </LineStyle>
                </Style>
                <Style id="102996">
                    <LineStyle id="102997">
                        <color>ff008000</color>
                        <colorMode>normal</colorMode>
                        <width>1.5</width>
                    </LineStyle>
                </Style>
                <Style id="103004">
                    <LineStyle id="103005">
                        <color>ff008000</color>
                        <colorMode>normal</colorMode>
                        <width>1.5</width>
                    </LineStyle>
                </Style>
                <Style id="103012">
                    <LineStyle id="103013">
                        <color>ff008000</color>
                        <colorMode>normal</colorMode>
                        <width>1.5</width>
                    </LineStyle>
                </Style>
                <Style id="103020">
                    <LineStyle id="103021">
                        <color>ff008000</color>
                        <colorMode>normal</colorMode>
                        <width>1.5</width>
                    </LineStyle>
                </Style>
                <Style id="103028">
                    <LineStyle id="103029">
                        <color>ff008000</color>
                        <colorMode>normal</colorMode>
                        <width>1.5</width>
                    </LineStyle>
                </Style>
                <Style id="103036">
                    <LineStyle id="103037">
                        <color>ff008000</color>
                        <colorMode>normal</colorMode>
                        <width>1.5</width>
                    </LineStyle>
                </Style>
                <Style id="103044">
                    <LineStyle id="103045">
                        <color>ff008000</color>
                        <colorMode>normal</colorMode>
                        <width>1.5</width>
                    </LineStyle>
                </Style>
                <Style id="103052">
                    <LineStyle id="103053">
                        <color>ff008000</color>
                        <colorMode>normal</colorMode>
                        <width>1.5</width>
                    </LineStyle>
                </Style>
                <Style id="103060">
                    <LineStyle id="103061">
                        <color>ff008000</color>
                        <colorMode>normal</colorMode>
                        <width>1.5</width>
                    </LineStyle>
                </Style>
                <Style id="103068">
                    <LineStyle id="103069">
                        <color>ff008000</color>
                        <colorMode>normal</colorMode>
                        <width>1.5</width>
                    </LineStyle>
                </Style>
                <Style id="103076">
                    <LineStyle id="103077">
                        <color>ff008000</color>
                        <colorMode>normal</colorMode>
                        <width>1.5</width>
                    </LineStyle>
                </Style>
                <Style id="103084">
                    <LineStyle id="103085">
                        <color>ff008000</color>
                        <colorMode>normal</colorMode>
                        <width>1.5</width>
                    </LineStyle>
                </Style>
                <Style id="103092">
                    <LineStyle id="103093">
                        <color>ff008000</color>
                        <colorMode>normal</colorMode>
                        <width>1.5</width>
                    </LineStyle>
                </Style>
                <Style id="103100">
                    <LineStyle id="103101">
                        <color>ff008000</color>
                        <colorMode>normal</colorMode>
                        <width>1.5</width>
                    </LineStyle>
                </Style>
                <Style id="103108">
                    <LineStyle id="103109">
                        <color>ff008000</color>
                        <colorMode>normal</colorMode>
                        <width>1.5</width>
                    </LineStyle>
                </Style>
                <Style id="103116">
                    <LineStyle id="103117">
                        <color>ff008000</color>
                        <colorMode>normal</colorMode>
                        <width>1.5</width>
                    </LineStyle>
                </Style>
                <Style id="103124">
                    <LineStyle id="103125">
                        <color>ff008000</color>
                        <colorMode>normal</colorMode>
                        <width>1.5</width>
                    </LineStyle>
                </Style>
                <Style id="103132">
                    <LineStyle id="103133">
                        <color>ff008000</color>
                        <colorMode>normal</colorMode>
                        <width>1.5</width>
                    </LineStyle>
                </Style>
                <Style id="103140">
                    <LineStyle id="103141">
                        <color>ff008000</color>
                        <colorMode>normal</colorMode>
                        <width>1.5</width>
                    </LineStyle>
                </Style>
                <Style id="103148">
                    <LineStyle id="103149">
                        <color>ff008000</color>
                        <colorMode>normal</colorMode>
                        <width>1.5</width>
                    </LineStyle>
                </Style>
                <Style id="103156">
                    <LineStyle id="103157">
                        <color>ff008000</color>
                        <colorMode>normal</colorMode>
                        <width>1.5</width>
                    </LineStyle>
                </Style>
                <Style id="103164">
                    <LineStyle id="103165">
                        <color>ff008000</color>
                        <colorMode>normal</colorMode>
                        <width>1.5</width>
                    </LineStyle>
                </Style>
                <Style id="103172">
                    <LineStyle id="103173">
                        <color>ff008000</color>
                        <colorMode>normal</colorMode>
                        <width>1.5</width>
                    </LineStyle>
                </Style>
                <Style id="103180">
                    <LineStyle id="103181">
                        <color>ff008000</color>
                        <colorMode>normal</colorMode>
                        <width>1.5</width>
                    </LineStyle>
                </Style>
                <Style id="103188">
                    <LineStyle id="103189">
                        <color>ff008000</color>
                        <colorMode>normal</colorMode>
                        <width>1.5</width>
                    </LineStyle>
                </Style>
                <Style id="103196">
                    <LineStyle id="103197">
                        <color>ff008000</color>
                        <colorMode>normal</colorMode>
                        <width>1.5</width>
                    </LineStyle>
                </Style>
                <Style id="103204">
                    <LineStyle id="103205">
                        <color>ff008000</color>
                        <colorMode>normal</colorMode>
                        <width>1.5</width>
                    </LineStyle>
                </Style>
                <Style id="103212">
                    <LineStyle id="103213">
                        <color>ff008000</color>
                        <colorMode>normal</colorMode>
                        <width>1.5</width>
                    </LineStyle>
                </Style>
                <Style id="103224">
                    <LineStyle id="103225">
                        <color>ff008000</color>
                        <colorMode>normal</colorMode>
                        <width>1.5</width>
                    </LineStyle>
                </Style>
                <Style id="103232">
                    <LineStyle id="103233">
                        <color>ff008000</color>
                        <colorMode>normal</colorMode>
                        <width>1.5</width>
                    </LineStyle>
                </Style>
                <Style id="103240">
                    <LineStyle id="103241">
                        <color>ff008000</color>
                        <colorMode>normal</colorMode>
                        <width>1.5</width>
                    </LineStyle>
                </Style>
                <Style id="103248">
                    <LineStyle id="103249">
                        <color>ff008000</color>
                        <colorMode>normal</colorMode>
                        <width>1.5</width>
                    </LineStyle>
                </Style>
                <Style id="103256">
                    <LineStyle id="103257">
                        <color>ff008000</color>
                        <colorMode>normal</colorMode>
                        <width>1.5</width>
                    </LineStyle>
                </Style>
                <Style id="103264">
                    <LineStyle id="103265">
                        <color>ff008000</color>
                        <colorMode>normal</colorMode>
                        <width>1.5</width>
                    </LineStyle>
                </Style>
                <Style id="103272">
                    <LineStyle id="103273">
                        <color>ff008000</color>
                        <colorMode>normal</colorMode>
                        <width>1.5</width>
                    </LineStyle>
                </Style>
                <Style id="103280">
                    <LineStyle id="103281">
                        <color>ff008000</color>
                        <colorMode>normal</colorMode>
                        <width>1.5</width>
                    </LineStyle>
                </Style>
                <Style id="103288">
                    <LineStyle id="103289">
                        <color>ff008000</color>
                        <colorMode>normal</colorMode>
                        <width>1.5</width>
                    </LineStyle>
                </Style>
                <Style id="103296">
                    <LineStyle id="103297">
                        <color>ff008000</color>
                        <colorMode>normal</colorMode>
                        <width>1.5</width>
                    </LineStyle>
                </Style>
                <Style id="103304">
                    <LineStyle id="103305">
                        <color>ff008000</color>
                        <colorMode>normal</colorMode>
                        <width>1.5</width>
                    </LineStyle>
                </Style>
                <Style id="103312">
                    <LineStyle id="103313">
                        <color>ff008000</color>
                        <colorMode>normal</colorMode>
                        <width>1.5</width>
                    </LineStyle>
                </Style>
                <Style id="103324">
                    <LineStyle id="103325">
                        <color>ff008000</color>
                        <colorMode>normal</colorMode>
                        <width>1.5</width>
                    </LineStyle>
                </Style>
                <Style id="103332">
                    <LineStyle id="103333">
                        <color>ff008000</color>
                        <colorMode>normal</colorMode>
                        <width>1.5</width>
                    </LineStyle>
                </Style>
                <Style id="103340">
                    <LineStyle id="103341">
                        <color>ff008000</color>
                        <colorMode>normal</colorMode>
                        <width>1.5</width>
                    </LineStyle>
                </Style>
                <Style id="103348">
                    <LineStyle id="103349">
                        <color>ff008000</color>
                        <colorMode>normal</colorMode>
                        <width>1.5</width>
                    </LineStyle>
                </Style>
                <Style id="103356">
                    <LineStyle id="103357">
                        <color>ff008000</color>
                        <colorMode>normal</colorMode>
                        <width>1.5</width>
                    </LineStyle>
                </Style>
                <Style id="103364">
                    <LineStyle id="103365">
                        <color>ff008000</color>
                        <colorMode>normal</colorMode>
                        <width>1.5</width>
                    </LineStyle>
                </Style>
                <Style id="103372">
                    <LineStyle id="103373">
                        <color>ff008000</color>
                        <colorMode>normal</colorMode>
                        <width>1.5</width>
                    </LineStyle>
                </Style>
                <Style id="103380">
                    <LineStyle id="103381">
                        <color>ff008000</color>
                        <colorMode>normal</colorMode>
                        <width>1.5</width>
                    </LineStyle>
                </Style>
                <Style id="103388">
                    <LineStyle id="103389">
                        <color>ff008000</color>
                        <colorMode>normal</colorMode>
                        <width>1.5</width>
                    </LineStyle>
                </Style>
                <Style id="103396">
                    <LineStyle id="103397">
                        <color>ff008000</color>
                        <colorMode>normal</colorMode>
                        <width>1.5</width>
                    </LineStyle>
                </Style>
                <Style id="103404">
                    <LineStyle id="103405">
                        <color>ff008000</color>
                        <colorMode>normal</colorMode>
                        <width>1.5</width>
                    </LineStyle>
                </Style>
                <Style id="103412">
                    <LineStyle id="103413">
                        <color>ff008000</color>
                        <colorMode>normal</colorMode>
                        <width>1.5</width>
                    </LineStyle>
                </Style>
                <Style id="103420">
                    <LineStyle id="103421">
                        <color>ff008000</color>
                        <colorMode>normal</colorMode>
                        <width>1.5</width>
                    </LineStyle>
                </Style>
                <Style id="103428">
                    <LineStyle id="103429">
                        <color>ff008000</color>
                        <colorMode>normal</colorMode>
                        <width>1.5</width>
                    </LineStyle>
                </Style>
                <Style id="103436">
                    <LineStyle id="103437">
                        <color>ff008000</color>
                        <colorMode>normal</colorMode>
                        <width>1.5</width>
                    </LineStyle>
                </Style>
                <Style id="103444">
                    <LineStyle id="103445">
                        <color>ff008000</color>
                        <colorMode>normal</colorMode>
                        <width>1.5</width>
                    </LineStyle>
                </Style>
                <Style id="103452">
                    <LineStyle id="103453">
                        <color>ff008000</color>
                        <colorMode>normal</colorMode>
                        <width>1.5</width>
                    </LineStyle>
                </Style>
                <Style id="103460">
                    <LineStyle id="103461">
                        <color>ff008000</color>
                        <colorMode>normal</colorMode>
                        <width>1.5</width>
                    </LineStyle>
                </Style>
                <Style id="103468">
                    <LineStyle id="103469">
                        <color>ff008000</color>
                        <colorMode>normal</colorMode>
                        <width>1.5</width>
                    </LineStyle>
                </Style>
                <Style id="103476">
                    <LineStyle id="103477">
                        <color>ff008000</color>
                        <colorMode>normal</colorMode>
                        <width>1.5</width>
                    </LineStyle>
                </Style>
                <Style id="103484">
                    <LineStyle id="103485">
                        <color>ff008000</color>
                        <colorMode>normal</colorMode>
                        <width>1.5</width>
                    </LineStyle>
                </Style>
                <Style id="103492">
                    <LineStyle id="103493">
                        <color>ff008000</color>
                        <colorMode>normal</colorMode>
                        <width>1.5</width>
                    </LineStyle>
                </Style>
                <Style id="103500">
                    <LineStyle id="103501">
                        <color>ff008000</color>
                        <colorMode>normal</colorMode>
                        <width>1.5</width>
                    </LineStyle>
                </Style>
                <Style id="103508">
                    <LineStyle id="103509">
                        <color>ff008000</color>
                        <colorMode>normal</colorMode>
                        <width>1.5</width>
                    </LineStyle>
                </Style>
                <Style id="103516">
                    <LineStyle id="103517">
                        <color>ff008000</color>
                        <colorMode>normal</colorMode>
                        <width>1.5</width>
                    </LineStyle>
                </Style>
                <Style id="103524">
                    <LineStyle id="103525">
                        <color>ff008000</color>
                        <colorMode>normal</colorMode>
                        <width>1.5</width>
                    </LineStyle>
                </Style>
                <Style id="103532">
                    <LineStyle id="103533">
                        <color>ff008000</color>
                        <colorMode>normal</colorMode>
                        <width>1.5</width>
                    </LineStyle>
                </Style>
                <Style id="103540">
                    <LineStyle id="103541">
                        <color>ff008000</color>
                        <colorMode>normal</colorMode>
                        <width>1.5</width>
                    </LineStyle>
                </Style>
                <Style id="103548">
                    <LineStyle id="103549">
                        <color>ff008000</color>
                        <colorMode>normal</colorMode>
                        <width>1.5</width>
                    </LineStyle>
                </Style>
                <Style id="103556">
                    <LineStyle id="103557">
                        <color>ff008000</color>
                        <colorMode>normal</colorMode>
                        <width>1.5</width>
                    </LineStyle>
                </Style>
                <Style id="103568">
                    <LineStyle id="103569">
                        <color>ff008000</color>
                        <colorMode>normal</colorMode>
                        <width>1.5</width>
                    </LineStyle>
                </Style>
                <Style id="103576">
                    <LineStyle id="103577">
                        <color>ff008000</color>
                        <colorMode>normal</colorMode>
                        <width>1.5</width>
                    </LineStyle>
                </Style>
                <name>Plan Paths (Roads)</name>
                <Placemark id="102695">
                    <name>Shift 3_P0_Flat1</name>
                    <description>Shift: Shift 3
Type: Plan Path
Length: 6.6 m</description>
                    <styleUrl>#102696</styleUrl>
                    <LineString id="102694">
                        <altitudeMode>relativeToGround</altitudeMode>
                        <coordinates>85.48407233337385,22.12960316371278,3.0 85.48407949972943,22.1296626617869,3.0</coordinates>
                    </LineString>
                </Placemark>
                <Placemark id="102703">
                    <name>Shift 3_P0_Flat3</name>
                    <description>Shift: Shift 3
Type: Plan Path
Length: 34.6 m</description>
                    <styleUrl>#102704</styleUrl>
                    <LineString id="102702">
                        <altitudeMode>relativeToGround</altitudeMode>
                        <coordinates>85.48463166703095,22.130884663349477,3.0 85.48472033333435,22.13101182825382,3.0 85.48480183334192,22.131153161243443,3.0</coordinates>
                    </LineString>
                </Placemark>
                <Placemark id="102711">
                    <name>Shift 3_P0_Flat5</name>
                    <description>Shift: Shift 3
Type: Plan Path
Length: 111.0 m</description>
                    <styleUrl>#102712</styleUrl>
                    <LineString id="102710">
                        <altitudeMode>relativeToGround</altitudeMode>
                        <coordinates>85.4848901669069,22.131280828777577,3.0 85.48496950043554,22.131422168677716,3.0 85.48506433298063,22.13158532956792,3.0 85.48517916689964,22.13176549392144,3.0 85.48532200043466,22.131928829258428,3.0 85.48552066676065,22.132077499588398,3.0</coordinates>
                    </LineString>
                </Placemark>
                <Placemark id="102719">
                    <name>Shift 3_P0_Flat7</name>
                    <description>Shift: Shift 3
Type: Plan Path
Length: 28.1 m</description>
                    <styleUrl>#102720</styleUrl>
                    <LineString id="102718">
                        <altitudeMode>relativeToGround</altitudeMode>
                        <coordinates>85.48751050000335,22.132904502533858,3.0 85.48777783367453,22.13295149949019,3.0</coordinates>
                    </LineString>
                </Placemark>
                <Placemark id="102727">
                    <name>Shift 3_P0_Flat9</name>
                    <description>Shift: Shift 3
Type: Plan Path
Length: 21.4 m</description>
                    <styleUrl>#102728</styleUrl>
                    <LineString id="102726">
                        <altitudeMode>relativeToGround</altitudeMode>
                        <coordinates>85.48815750018838,22.132067499735584,3.0 85.48802416649204,22.13191916682472,3.0</coordinates>
                    </LineString>
                </Placemark>
                <Placemark id="102735">
                    <name>Shift 3_P0_Flat11</name>
                    <description>Shift: Shift 3
Type: Plan Path
Length: 75.8 m</description>
                    <styleUrl>#102736</styleUrl>
                    <LineString id="102734">
                        <altitudeMode>relativeToGround</altitudeMode>
                        <coordinates>85.48751799957614,22.131728332917405,3.0 85.48731633339679,22.131550661989287,3.0 85.48712866695195,22.131375496066237,3.0 85.48699599967057,22.13124716574593,3.0</coordinates>
                    </LineString>
                </Placemark>
                <Placemark id="102743">
                    <name>Shift 3_P0_Flat13</name>
                    <description>Shift: Shift 3
Type: Plan Path
Length: 12.0 m</description>
                    <styleUrl>#102744</styleUrl>
                    <LineString id="102742">
                        <altitudeMode>relativeToGround</altitudeMode>
                        <coordinates>85.48689699969776,22.13111483010342,3.0 85.48682866664711,22.131027668538692,3.0</coordinates>
                    </LineString>
                </Placemark>
                <Placemark id="102755">
                    <name>Shift 3_P1_Flat16</name>
                    <description>Shift: Shift 3
Type: Plan Path
Length: 3.8 m</description>
                    <styleUrl>#102756</styleUrl>
                    <LineString id="102754">
                        <altitudeMode>relativeToGround</altitudeMode>
                        <coordinates>85.48662233331949,22.130774327352036,3.0 85.48664300036218,22.130802328988047,3.0</coordinates>
                    </LineString>
                </Placemark>
                <Placemark id="102763">
                    <name>Shift 3_P1_Flat18</name>
                    <description>Shift: Shift 3
Type: Plan Path
Length: 4.3 m</description>
                    <styleUrl>#102764</styleUrl>
                    <LineString id="102762">
                        <altitudeMode>relativeToGround</altitudeMode>
                        <coordinates>85.48667283366991,22.130828500801282,3.0 85.48669850010381,22.13085950230185,3.0</coordinates>
                    </LineString>
                </Placemark>
                <Placemark id="102771">
                    <name>Shift 3_P1_Flat20</name>
                    <description>Shift: Shift 3
Type: Plan Path
Length: 6.0 m</description>
                    <styleUrl>#102772</styleUrl>
                    <LineString id="102770">
                        <altitudeMode>relativeToGround</altitudeMode>
                        <coordinates>85.48673833317731,22.130911002657303,3.0 85.48676783376324,22.130958162089534,3.0</coordinates>
                    </LineString>
                </Placemark>
                <Placemark id="102779">
                    <name>Shift 3_P1_Flat22</name>
                    <description>Shift: Shift 3
Type: Plan Path
Length: 30.0 m</description>
                    <styleUrl>#102780</styleUrl>
                    <LineString id="102778">
                        <altitudeMode>relativeToGround</altitudeMode>
                        <coordinates>85.48800133346826,22.132186334136055,3.0 85.48813766672845,22.132425332526065,3.0</coordinates>
                    </LineString>
                </Placemark>
                <Placemark id="102787">
                    <name>Shift 3_P1_Flat24</name>
                    <description>Shift: Shift 3
Type: Plan Path
Length: 29.4 m</description>
                    <styleUrl>#102788</styleUrl>
                    <LineString id="102786">
                        <altitudeMode>relativeToGround</altitudeMode>
                        <coordinates>85.4885378331109,22.132916495616993,3.0 85.48881833320605,22.132964335402217,3.0</coordinates>
                    </LineString>
                </Placemark>
                <Placemark id="102795">
                    <name>Shift 3_P1_Flat26</name>
                    <description>Shift: Shift 3
Type: Plan Path
Length: 133.7 m</description>
                    <styleUrl>#102796</styleUrl>
                    <LineString id="102794">
                        <altitudeMode>relativeToGround</altitudeMode>
                        <coordinates>85.48959716700061,22.133001830510107,3.0 85.48982533325572,22.132961834201755,3.0 85.49008333282532,22.132898169346262,3.0 85.49033449999216,22.132811164989032,3.0 85.49058599956305,22.13271550146155,3.0 85.49082233296102,22.132621169518764,3.0</coordinates>
                    </LineString>
                </Placemark>
                <Placemark id="102803">
                    <name>Shift 3_P1_Flat28</name>
                    <description>Shift: Shift 3
Type: Plan Path
Length: 27.6 m</description>
                    <styleUrl>#102804</styleUrl>
                    <LineString id="102802">
                        <altitudeMode>relativeToGround</altitudeMode>
                        <coordinates>85.49165199956026,22.13252300108264,3.0 85.49191833344558,22.132544168113597,3.0</coordinates>
                    </LineString>
                </Placemark>
                <Placemark id="102811">
                    <name>Shift 3_P1_Flat30</name>
                    <description>Shift: Shift 3
Type: Plan Path
Length: 27.1 m</description>
                    <styleUrl>#102812</styleUrl>
                    <LineString id="102810">
                        <altitudeMode>relativeToGround</altitudeMode>
                        <coordinates>85.49262266652914,22.1332304994715,3.0 85.49265849997606,22.133473000909653,3.0</coordinates>
                    </LineString>
                </Placemark>
                <Placemark id="102819">
                    <name>Shift 3_P1_Flat32</name>
                    <description>Shift: Shift 3
Type: Plan Path
Length: 23.8 m</description>
                    <styleUrl>#102820</styleUrl>
                    <LineString id="102818">
                        <altitudeMode>relativeToGround</altitudeMode>
                        <coordinates>85.49237683376828,22.135192164405613,3.0 85.49260299959934,22.135232830192116,3.0</coordinates>
                    </LineString>
                </Placemark>
                <Placemark id="102827">
                    <name>Shift 3_P1_Flat34</name>
                    <description>Shift: Shift 3
Type: Plan Path
Length: 34.2 m</description>
                    <styleUrl>#102828</styleUrl>
                    <LineString id="102826">
                        <altitudeMode>relativeToGround</altitudeMode>
                        <coordinates>85.49324499981849,22.135255333576904,3.0 85.49357666697671,22.135258495141095,3.0</coordinates>
                    </LineString>
                </Placemark>
                <Placemark id="102835">
                    <name>Shift 3_P1_Flat36</name>
                    <description>Shift: Shift 3
Type: Plan Path
Length: 17.3 m</description>
                    <styleUrl>#102836</styleUrl>
                    <LineString id="102834">
                        <altitudeMode>relativeToGround</altitudeMode>
                        <coordinates>85.49435016632799,22.13524682909494,3.0 85.49451816709245,22.135242995981248,3.0</coordinates>
                    </LineString>
                </Placemark>
                <Placemark id="102843">
                    <name>Shift 3_P1_Flat38</name>
                    <description>Shift: Shift 3
Type: Plan Path
Length: 35.6 m</description>
                    <styleUrl>#102844</styleUrl>
                    <LineString id="102842">
                        <altitudeMode>relativeToGround</altitudeMode>
                        <coordinates>85.49512583366725,22.135415994416277,3.0 85.4952758335632,22.135482499656096,3.0 85.49545516711876,22.1354759972158,3.0</coordinates>
                    </LineString>
                </Placemark>
                <Placemark id="102851">
                    <name>Shift 3_P1_Flat40</name>
                    <description>Shift: Shift 3
Type: Plan Path
Length: 52.3 m</description>
                    <styleUrl>#102852</styleUrl>
                    <LineString id="102850">
                        <altitudeMode>relativeToGround</altitudeMode>
                        <coordinates>85.49782799979718,22.132889165614706,3.0 85.49789150003788,22.132664496510166,3.0 85.4979338332442,22.132427999091032,3.0</coordinates>
                    </LineString>
                </Placemark>
                <Placemark id="102859">
                    <name>Shift 3_P1_Flat42</name>
                    <description>Shift: Shift 3
Type: Plan Path
Length: 241.2 m</description>
                    <styleUrl>#102860</styleUrl>
                    <LineString id="102858">
                        <altitudeMode>relativeToGround</altitudeMode>
                        <coordinates>85.49748133354376,22.13113299922507,3.0 85.49734949999184,22.130849665213702,3.0 85.49721933362618,22.130552328514373,3.0 85.497104166708,22.13025666532069,3.0 85.49695716674152,22.129980001644025,3.0 85.49677916652941,22.129727827611262,3.0 85.49657683297826,22.129482329849903,3.0 85.49638349968723,22.129225660680493,3.0</coordinates>
                    </LineString>
                </Placemark>
                <Placemark id="102867">
                    <name>Shift 3_P1_Flat44</name>
                    <description>Shift: Shift 3
Type: Plan Path
Length: 28.2 m</description>
                    <styleUrl>#102868</styleUrl>
                    <LineString id="102866">
                        <altitudeMode>relativeToGround</altitudeMode>
                        <coordinates>85.49622933350196,22.12898266561115,3.0 85.49610866684507,22.128754168642676,3.0</coordinates>
                    </LineString>
                </Placemark>
                <Placemark id="102875">
                    <name>Shift 3_P1_Flat46</name>
                    <description>Shift: Shift 3
Type: Plan Path
Length: 65.0 m</description>
                    <styleUrl>#102876</styleUrl>
                    <LineString id="102874">
                        <altitudeMode>relativeToGround</altitudeMode>
                        <coordinates>85.49599133289026,22.12848983551434,3.0 85.49586866717046,22.128217495828014,3.0 85.49571349990055,22.127964329906508,3.0</coordinates>
                    </LineString>
                </Placemark>
                <Placemark id="102883">
                    <name>Shift 3_P1_Flat48</name>
                    <description>Shift: Shift 3
Type: Plan Path
Length: 28.9 m</description>
                    <styleUrl>#102884</styleUrl>
                    <LineString id="102882">
                        <altitudeMode>relativeToGround</altitudeMode>
                        <coordinates>85.49554783294676,22.127746166134127,3.0 85.4953761671121,22.127539833263008,3.0</coordinates>
                    </LineString>
                </Placemark>
                <Placemark id="102891">
                    <name>Shift 3_P1_Flat50</name>
                    <description>Shift: Shift 3
Type: Plan Path
Length: 47.7 m</description>
                    <styleUrl>#102892</styleUrl>
                    <LineString id="102890">
                        <altitudeMode>relativeToGround</altitudeMode>
                        <coordinates>85.49503899955573,22.12718749560594,3.0 85.49487999998803,22.127022836108242,3.0 85.4947203330757,22.126875494035637,3.0</coordinates>
                    </LineString>
                </Placemark>
                <Placemark id="102899">
                    <name>Shift 3_P1_Flat52</name>
                    <description>Shift: Shift 3
Type: Plan Path
Length: 44.1 m</description>
                    <styleUrl>#102900</styleUrl>
                    <LineString id="102898">
                        <altitudeMode>relativeToGround</altitudeMode>
                        <coordinates>85.49399116633833,22.12623966783886,3.0 85.49387000047575,22.12613282824877,3.0 85.49377933360032,22.126049329156558,3.0 85.49368550009399,22.125961329868666,3.0</coordinates>
                    </LineString>
                </Placemark>
                <Placemark id="102907">
                    <name>Shift 3_P1_Flat54</name>
                    <description>Shift: Shift 3
Type: Plan Path
Length: 51.5 m</description>
                    <styleUrl>#102908</styleUrl>
                    <LineString id="102906">
                        <altitudeMode>relativeToGround</altitudeMode>
                        <coordinates>85.49312733301733,22.12545849620925,3.0 85.49296049972234,22.12529166722275,3.0 85.4927741670481,22.125130501855068,3.0</coordinates>
                    </LineString>
                </Placemark>
                <Placemark id="102915">
                    <name>Shift 3_P1_Flat56</name>
                    <description>Shift: Shift 3
Type: Plan Path
Length: 93.3 m</description>
                    <styleUrl>#102916</styleUrl>
                    <LineString id="102914">
                        <altitudeMode>relativeToGround</altitudeMode>
                        <coordinates>85.49006816708066,22.124269169461257,3.0 85.48976083344361,22.124307160873688,3.0 85.48946516617212,22.124331169473155,3.0 85.48916916699542,22.124362662125066,3.0</coordinates>
                    </LineString>
                </Placemark>
                <Placemark id="102923">
                    <name>Shift 3_P1_Flat58</name>
                    <description>Shift: Shift 3
Type: Plan Path
Length: 49.7 m</description>
                    <styleUrl>#102924</styleUrl>
                    <LineString id="102922">
                        <altitudeMode>relativeToGround</altitudeMode>
                        <coordinates>85.48890150050099,22.12442332846552,3.0 85.48863400002455,22.12448949648021,3.0 85.48843533294792,22.124536828094676,3.0</coordinates>
                    </LineString>
                </Placemark>
                <Placemark id="102931">
                    <name>Shift 3_P1_Flat60</name>
                    <description>Shift: Shift 3
Type: Plan Path
Length: 26.6 m</description>
                    <styleUrl>#102932</styleUrl>
                    <LineString id="102930">
                        <altitudeMode>relativeToGround</altitudeMode>
                        <coordinates>85.48586433380845,22.12301766440433,3.0 85.48564266649875,22.122895336098697,3.0</coordinates>
                    </LineString>
                </Placemark>
                <Placemark id="102939">
                    <name>Shift 3_P1_Flat62</name>
                    <description>Shift: Shift 3
Type: Plan Path
Length: 25.3 m</description>
                    <styleUrl>#102940</styleUrl>
                    <LineString id="102938">
                        <altitudeMode>relativeToGround</altitudeMode>
                        <coordinates>85.4843788330441,22.12226799402263,3.0 85.48416316666795,22.12215999935618,3.0</coordinates>
                    </LineString>
                </Placemark>
                <Placemark id="102947">
                    <name>Shift 3_P1_Flat64</name>
                    <description>Shift: Shift 3
Type: Plan Path
Length: 53.3 m</description>
                    <styleUrl>#102948</styleUrl>
                    <LineString id="102946">
                        <altitudeMode>relativeToGround</altitudeMode>
                        <coordinates>85.48355316694591,22.120533334036477,3.0 85.48351266689708,22.120304164399855,3.0 85.48348850031694,22.120055835726284,3.0</coordinates>
                    </LineString>
                </Placemark>
                <Placemark id="102955">
                    <name>Shift 3_P1_Flat66</name>
                    <description>Shift: Shift 3
Type: Plan Path
Length: 70.8 m</description>
                    <styleUrl>#102956</styleUrl>
                    <LineString id="102954">
                        <altitudeMode>relativeToGround</altitudeMode>
                        <coordinates>85.48345749973686,22.11900466577983,3.0 85.48363666698953,22.11892066890872,3.0 85.48385766699435,22.11885949616343,3.0 85.48410366644843,22.118797164263608,3.0</coordinates>
                    </LineString>
                </Placemark>
                <Placemark id="102963">
                    <name>Shift 3_P1_Flat68</name>
                    <description>Shift: Shift 3
Type: Plan Path
Length: 20.6 m</description>
                    <styleUrl>#102964</styleUrl>
                    <LineString id="102962">
                        <altitudeMode>relativeToGround</altitudeMode>
                        <coordinates>85.48733833303092,22.118548828880478,3.0 85.48715300040179,22.118479668586538,3.0</coordinates>
                    </LineString>
                </Placemark>
                <Placemark id="102971">
                    <name>Shift 3_P1_Flat70</name>
                    <description>Shift: Shift 3
Type: Plan Path
Length: 66.9 m</description>
                    <styleUrl>#102972</styleUrl>
                    <LineString id="102970">
                        <altitudeMode>relativeToGround</altitudeMode>
                        <coordinates>85.48666816702874,22.118113663230133,3.0 85.48653583362295,22.117955827960778,3.0 85.48640933285338,22.117809002678065,3.0 85.48627733294398,22.117631335680677,3.0</coordinates>
                    </LineString>
                </Placemark>
                <Placemark id="102979">
                    <name>Shift 3_P1_Flat72</name>
                    <description>Shift: Shift 3
Type: Plan Path
Length: 69.7 m</description>
                    <styleUrl>#102980</styleUrl>
                    <LineString id="102978">
                        <altitudeMode>relativeToGround</altitudeMode>
                        <coordinates>85.48526983289223,22.117586161785713,3.0 85.48507783291083,22.117684502014857,3.0 85.4848646669602,22.117742831840648,3.0 85.48463066692807,22.11773483455832,3.0</coordinates>
                    </LineString>
                </Placemark>
                <Placemark id="102987">
                    <name>Shift 3_P1_Flat74</name>
                    <description>Shift: Shift 3
Type: Plan Path
Length: 24.9 m</description>
                    <styleUrl>#102988</styleUrl>
                    <LineString id="102986">
                        <altitudeMode>relativeToGround</altitudeMode>
                        <coordinates>85.4840598333902,22.117465995492324,3.0 85.4838719995532,22.117324831126076,3.0</coordinates>
                    </LineString>
                </Placemark>
                <Placemark id="102995">
                    <name>Shift 3_P1_Flat76</name>
                    <description>Shift: Shift 3
Type: Plan Path
Length: 53.5 m</description>
                    <styleUrl>#102996</styleUrl>
                    <LineString id="102994">
                        <altitudeMode>relativeToGround</altitudeMode>
                        <coordinates>85.48270633291591,22.116687831279407,3.0 85.48250966687453,22.116555994877416,3.0 85.48232666644405,22.116363002110752,3.0</coordinates>
                    </LineString>
                </Placemark>
                <Placemark id="103003">
                    <name>Shift 3_P1_Flat78</name>
                    <description>Shift: Shift 3
Type: Plan Path
Length: 46.6 m</description>
                    <styleUrl>#103004</styleUrl>
                    <LineString id="103002">
                        <altitudeMode>relativeToGround</altitudeMode>
                        <coordinates>85.4818411662925,22.115752828949233,3.0 85.48166866664883,22.115582829651107,3.0 85.4815281662435,22.115449662805307,3.0</coordinates>
                    </LineString>
                </Placemark>
                <Placemark id="103011">
                    <name>Shift 3_P1_Flat80</name>
                    <description>Shift: Shift 3
Type: Plan Path
Length: 0.1 m</description>
                    <styleUrl>#103012</styleUrl>
                    <LineString id="103010">
                        <altitudeMode>relativeToGround</altitudeMode>
                        <coordinates>85.480937999876,22.114797164709845,3.0 85.48093866672835,22.114798164449756,3.0</coordinates>
                    </LineString>
                </Placemark>
                <Placemark id="103019">
                    <name>Shift 3_P1_Flat82</name>
                    <description>Shift: Shift 3
Type: Plan Path
Length: 0.3 m</description>
                    <styleUrl>#103020</styleUrl>
                    <LineString id="103018">
                        <altitudeMode>relativeToGround</altitudeMode>
                        <coordinates>85.48094650004235,22.114795166387367,3.0 85.48094633366914,22.114797666745382,3.0</coordinates>
                    </LineString>
                </Placemark>
                <Placemark id="103027">
                    <name>Shift 3_P1_Flat84</name>
                    <description>Shift: Shift 3
Type: Plan Path
Length: 0.5 m</description>
                    <styleUrl>#103028</styleUrl>
                    <LineString id="103026">
                        <altitudeMode>relativeToGround</altitudeMode>
                        <coordinates>85.48093700003245,22.11481466874859,3.0 85.48093916678597,22.11481066056561,3.0</coordinates>
                    </LineString>
                </Placemark>
                <Placemark id="103035">
                    <name>Shift 3_P1_Flat86</name>
                    <description>Shift: Shift 3
Type: Plan Path
Length: 0.3 m</description>
                    <styleUrl>#103036</styleUrl>
                    <LineString id="103034">
                        <altitudeMode>relativeToGround</altitudeMode>
                        <coordinates>85.48092750021162,22.114812168792454,3.0 85.48092600026851,22.114814828355726,3.0</coordinates>
                    </LineString>
                </Placemark>
                <Placemark id="103043">
                    <name>Shift 3_P1_Flat88</name>
                    <description>Shift: Shift 3
Type: Plan Path
Length: 22.1 m</description>
                    <styleUrl>#103044</styleUrl>
                    <LineString id="103042">
                        <altitudeMode>relativeToGround</altitudeMode>
                        <coordinates>85.48090183343633,22.11479333282724,3.0 85.48084183290776,22.11469949963575,3.0 85.48080099967247,22.114618002017927,3.0</coordinates>
                    </LineString>
                </Placemark>
                <Placemark id="103051">
                    <name>Shift 3_P1_Flat90</name>
                    <description>Shift: Shift 3
Type: Plan Path
Length: 6.2 m</description>
                    <styleUrl>#103052</styleUrl>
                    <LineString id="103050">
                        <altitudeMode>relativeToGround</altitudeMode>
                        <coordinates>85.48074566671526,22.114541165564997,3.0 85.48070816660848,22.114497164295653,3.0</coordinates>
                    </LineString>
                </Placemark>
                <Placemark id="103059">
                    <name>Shift 3_P1_Flat92</name>
                    <description>Shift: Shift 3
Type: Plan Path
Length: 0.0 m</description>
                    <styleUrl>#103060</styleUrl>
                    <LineString id="103058">
                        <altitudeMode>relativeToGround</altitudeMode>
                        <coordinates>85.48067666662446,22.114408663247193,3.0 85.48067683303648,22.11440833060592,3.0</coordinates>
                    </LineString>
                </Placemark>
                <Placemark id="103067">
                    <name>Shift 3_P1_Flat94</name>
                    <description>Shift: Shift 3
Type: Plan Path
Length: 0.3 m</description>
                    <styleUrl>#103068</styleUrl>
                    <LineString id="103066">
                        <altitudeMode>relativeToGround</altitudeMode>
                        <coordinates>85.48069166627481,22.11440782732982,3.0 85.4806898330991,22.114409833475893,3.0</coordinates>
                    </LineString>
                </Placemark>
                <Placemark id="103075">
                    <name>Shift 3_P1_Flat96</name>
                    <description>Shift: Shift 3
Type: Plan Path
Length: 0.2 m</description>
                    <styleUrl>#103076</styleUrl>
                    <LineString id="103074">
                        <altitudeMode>relativeToGround</altitudeMode>
                        <coordinates>85.48069099982769,22.114413664930442,3.0 85.48068983374279,22.11441366311353,3.0 85.4806896671343,22.11441383317428,3.0 85.48069050047586,22.114413497705847,3.0</coordinates>
                    </LineString>
                </Placemark>
                <Placemark id="103083">
                    <name>Shift 3_P1_Flat98</name>
                    <description>Shift: Shift 3
Type: Plan Path
Length: 0.2 m</description>
                    <styleUrl>#103084</styleUrl>
                    <LineString id="103082">
                        <altitudeMode>relativeToGround</altitudeMode>
                        <coordinates>85.48069199968096,22.114413168432506,3.0 85.4806924999668,22.114411167949747,3.0</coordinates>
                    </LineString>
                </Placemark>
                <Placemark id="103091">
                    <name>Shift 3_P1_Flat100</name>
                    <description>Shift: Shift 3
Type: Plan Path
Length: 0.4 m</description>
                    <styleUrl>#103092</styleUrl>
                    <LineString id="103090">
                        <altitudeMode>relativeToGround</altitudeMode>
                        <coordinates>85.48069483360453,22.114417999902678,3.0 85.48069299962079,22.114418000903935,3.0 85.48069300022931,22.114419662825217,3.0</coordinates>
                    </LineString>
                </Placemark>
                <Placemark id="103099">
                    <name>Shift 3_P1_Flat102</name>
                    <description>Shift: Shift 3
Type: Plan Path
Length: 13.6 m</description>
                    <styleUrl>#103100</styleUrl>
                    <LineString id="103098">
                        <altitudeMode>relativeToGround</altitudeMode>
                        <coordinates>85.48070783349111,22.11440866418943,3.0 85.48067916650658,22.114392835082445,3.0 85.48058966679855,22.114354166685942,3.0</coordinates>
                    </LineString>
                </Placemark>
                <Placemark id="103107">
                    <name>Shift 3_P1_Flat104</name>
                    <description>Shift: Shift 3
Type: Plan Path
Length: 10.9 m</description>
                    <styleUrl>#103108</styleUrl>
                    <LineString id="103106">
                        <altitudeMode>relativeToGround</altitudeMode>
                        <coordinates>85.4789260003524,22.1136933319617,3.0 85.47887933299636,22.11369316824066,3.0 85.47882099989945,22.113687666227644,3.0</coordinates>
                    </LineString>
                </Placemark>
                <Placemark id="103115">
                    <name>Shift 3_P1_Flat106</name>
                    <description>Shift: Shift 3
Type: Plan Path
Length: 0.5 m</description>
                    <styleUrl>#103116</styleUrl>
                    <LineString id="103114">
                        <altitudeMode>relativeToGround</altitudeMode>
                        <coordinates>85.47868333361298,22.11369750237179,3.0 85.47867883338671,22.113695663051278,3.0</coordinates>
                    </LineString>
                </Placemark>
                <Placemark id="103123">
                    <name>Shift 3_P1_Flat108</name>
                    <description>Shift: Shift 3
Type: Plan Path
Length: 0.2 m</description>
                    <styleUrl>#103124</styleUrl>
                    <LineString id="103122">
                        <altitudeMode>relativeToGround</altitudeMode>
                        <coordinates>85.47869766696365,22.113705999665264,3.0 85.47869599989203,22.113706164778034,3.0</coordinates>
                    </LineString>
                </Placemark>
                <Placemark id="103131">
                    <name>Shift 3_P1_Flat110</name>
                    <description>Shift: Shift 3
Type: Plan Path
Length: 0.3 m</description>
                    <styleUrl>#103132</styleUrl>
                    <LineString id="103130">
                        <altitudeMode>relativeToGround</altitudeMode>
                        <coordinates>85.47869899962743,22.113696167042217,3.0 85.47870183335725,22.113695497965494,3.0</coordinates>
                    </LineString>
                </Placemark>
                <Placemark id="103139">
                    <name>Shift 3_P1_Flat112</name>
                    <description>Shift: Shift 3
Type: Plan Path
Length: 29.1 m</description>
                    <styleUrl>#103140</styleUrl>
                    <LineString id="103138">
                        <altitudeMode>relativeToGround</altitudeMode>
                        <coordinates>85.47903899998944,22.11368649938384,3.0 85.47918566711908,22.11371383275406,3.0 85.47931583318267,22.11373866397922,3.0</coordinates>
                    </LineString>
                </Placemark>
                <Placemark id="103147">
                    <name>Shift 3_P1_Flat114</name>
                    <description>Shift: Shift 3
Type: Plan Path
Length: 85.0 m</description>
                    <styleUrl>#103148</styleUrl>
                    <LineString id="103146">
                        <altitudeMode>relativeToGround</altitudeMode>
                        <coordinates>85.48039266629567,22.11431950172616,3.0 85.48053049960585,22.114452328521462,3.0 85.48066299999765,22.114611831724204,3.0 85.48076466654798,22.114799165053626,3.0 85.4808533335986,22.114949499125586,3.0</coordinates>
                    </LineString>
                </Placemark>
                <Placemark id="103155">
                    <name>Shift 3_P1_Flat116</name>
                    <description>Shift: Shift 3
Type: Plan Path
Length: 20.5 m</description>
                    <styleUrl>#103156</styleUrl>
                    <LineString id="103154">
                        <altitudeMode>relativeToGround</altitudeMode>
                        <coordinates>85.48100683327127,22.115088667357885,3.0 85.48117116624098,22.115192665671753,3.0</coordinates>
                    </LineString>
                </Placemark>
                <Placemark id="103163">
                    <name>Shift 3_P1_Flat118</name>
                    <description>Shift: Shift 3
Type: Plan Path
Length: 37.1 m</description>
                    <styleUrl>#103164</styleUrl>
                    <LineString id="103162">
                        <altitudeMode>relativeToGround</altitudeMode>
                        <coordinates>85.4813958330502,22.115369500209304,3.0 85.48152733318221,22.115494499691092,3.0 85.48164466642363,22.115610831963988,3.0</coordinates>
                    </LineString>
                </Placemark>
                <Placemark id="103171">
                    <name>Shift 3_P1_Flat120</name>
                    <description>Shift: Shift 3
Type: Plan Path
Length: 79.6 m</description>
                    <styleUrl>#103172</styleUrl>
                    <LineString id="103170">
                        <altitudeMode>relativeToGround</altitudeMode>
                        <coordinates>85.48201850037437,22.116028666625663,3.0 85.48214266683252,22.11625333051056,3.0 85.48228483305503,22.11645466898873,3.0 85.48246433299285,22.116605665886947,3.0</coordinates>
                    </LineString>
                </Placemark>
                <Placemark id="103179">
                    <name>Shift 3_P1_Flat122</name>
                    <description>Shift: Shift 3
Type: Plan Path
Length: 21.8 m</description>
                    <styleUrl>#103180</styleUrl>
                    <LineString id="103178">
                        <altitudeMode>relativeToGround</altitudeMode>
                        <coordinates>85.48347933300332,22.116983833607044,3.0 85.48361683354794,22.117133328283302,3.0</coordinates>
                    </LineString>
                </Placemark>
                <Placemark id="103187">
                    <name>Shift 3_P1_Flat124</name>
                    <description>Shift: Shift 3
Type: Plan Path
Length: 20.8 m</description>
                    <styleUrl>#103188</styleUrl>
                    <LineString id="103186">
                        <altitudeMode>relativeToGround</altitudeMode>
                        <coordinates>85.48437433306196,22.11766599675665,3.0 85.48456616679113,22.1177231625066,3.0</coordinates>
                    </LineString>
                </Placemark>
                <Placemark id="103195">
                    <name>Shift 3_P1_Flat126</name>
                    <description>Shift: Shift 3
Type: Plan Path
Length: 24.0 m</description>
                    <styleUrl>#103196</styleUrl>
                    <LineString id="103194">
                        <altitudeMode>relativeToGround</altitudeMode>
                        <coordinates>85.4849678328858,22.1176705021795,3.0 85.48517416692602,22.11757132862486,3.0</coordinates>
                    </LineString>
                </Placemark>
                <Placemark id="103203">
                    <name>Shift 3_P1_Flat128</name>
                    <description>Shift: Shift 3
Type: Plan Path
Length: 80.9 m</description>
                    <styleUrl>#103204</styleUrl>
                    <LineString id="103202">
                        <altitudeMode>relativeToGround</altitudeMode>
                        <coordinates>85.48540216621647,22.117474830574597,3.0 85.48561849961258,22.11739733604812,3.0 85.48585066674438,22.11739366340343,3.0 85.48598783293613,22.117425165966303,3.0 85.48612766638297,22.117529329803617,3.0</coordinates>
                    </LineString>
                </Placemark>
                <Placemark id="103211">
                    <name>Shift 3_P1_Flat130</name>
                    <description>Shift: Shift 3
Type: Plan Path
Length: 126.8 m</description>
                    <styleUrl>#103212</styleUrl>
                    <LineString id="103210">
                        <altitudeMode>relativeToGround</altitudeMode>
                        <coordinates>85.4862685003725,22.117718829654414,3.0 85.48641383349249,22.117873832109705,3.0 85.48654533318356,22.11800850127306,3.0 85.48670283319022,22.118167328490554,3.0 85.48689016703757,22.118315665706753,3.0 85.48706833351326,22.11840383581543,3.0 85.48715783332585,22.11849550159147,3.0</coordinates>
                    </LineString>
                </Placemark>
                <Placemark id="103223">
                    <name>Shift 3_P1_Flat132</name>
                    <description>Shift: Shift 3
Type: Plan Path
Length: 25.9 m</description>
                    <styleUrl>#103224</styleUrl>
                    <LineString id="103222">
                        <altitudeMode>relativeToGround</altitudeMode>
                        <coordinates>85.48353149974737,22.119850329132152,3.0 85.48349683325807,22.12008199798435,3.0</coordinates>
                    </LineString>
                </Placemark>
                <Placemark id="103231">
                    <name>Shift 3_P1_Flat134</name>
                    <description>Shift: Shift 3
Type: Plan Path
Length: 53.9 m</description>
                    <styleUrl>#103232</styleUrl>
                    <LineString id="103230">
                        <altitudeMode>relativeToGround</altitudeMode>
                        <coordinates>85.48346649987052,22.12027849973684,3.0 85.48342883358588,22.12054516737444,3.0 85.48341883310381,22.12076300224038,3.0</coordinates>
                    </LineString>
                </Placemark>
                <Placemark id="103239">
                    <name>Shift 3_P1_Flat136</name>
                    <description>Shift: Shift 3
Type: Plan Path
Length: 27.8 m</description>
                    <styleUrl>#103240</styleUrl>
                    <LineString id="103238">
                        <altitudeMode>relativeToGround</altitudeMode>
                        <coordinates>85.48342516619743,22.120996000262533,3.0 85.48344266616422,22.121246335356254,3.0</coordinates>
                    </LineString>
                </Placemark>
                <Placemark id="103247">
                    <name>Shift 3_P1_Flat138</name>
                    <description>Shift: Shift 3
Type: Plan Path
Length: 17.3 m</description>
                    <styleUrl>#103248</styleUrl>
                    <LineString id="103246">
                        <altitudeMode>relativeToGround</altitudeMode>
                        <coordinates>85.4835871670168,22.121817994740177,3.0 85.48373916619519,22.121883498669444,3.0</coordinates>
                    </LineString>
                </Placemark>
                <Placemark id="103255">
                    <name>Shift 3_P1_Flat140</name>
                    <description>Shift: Shift 3
Type: Plan Path
Length: 21.8 m</description>
                    <styleUrl>#103256</styleUrl>
                    <LineString id="103254">
                        <altitudeMode>relativeToGround</altitudeMode>
                        <coordinates>85.4844056666606,22.12231349422721,3.0 85.48458433313914,22.122418661296113,3.0</coordinates>
                    </LineString>
                </Placemark>
                <Placemark id="103263">
                    <name>Shift 3_P1_Flat142</name>
                    <description>Shift: Shift 3
Type: Plan Path
Length: 90.4 m</description>
                    <styleUrl>#103264</styleUrl>
                    <LineString id="103262">
                        <altitudeMode>relativeToGround</altitudeMode>
                        <coordinates>85.4859491669577,22.12310833020397,3.0 85.48611450033803,22.123239664639645,3.0 85.48628066636437,22.123376660771694,3.0 85.48645333305772,22.12350516356508,3.0 85.48663316680803,22.12361632766129,3.0</coordinates>
                    </LineString>
                </Placemark>
                <Placemark id="103271">
                    <name>Shift 3_P1_Flat144</name>
                    <description>Shift: Shift 3
Type: Plan Path
Length: 21.4 m</description>
                    <styleUrl>#103272</styleUrl>
                    <LineString id="103270">
                        <altitudeMode>relativeToGround</altitudeMode>
                        <coordinates>85.48698983339312,22.124102836203335,3.0 85.48696583357281,22.124294998745892,3.0</coordinates>
                    </LineString>
                </Placemark>
                <Placemark id="103279">
                    <name>Shift 3_P1_Flat146</name>
                    <description>Shift: Shift 3
Type: Plan Path
Length: 4.9 m</description>
                    <styleUrl>#103280</styleUrl>
                    <LineString id="103278">
                        <altitudeMode>relativeToGround</altitudeMode>
                        <coordinates>85.48666016667721,22.12498966467216,3.0 85.48669849994656,22.124963330021572,3.0</coordinates>
                    </LineString>
                </Placemark>
                <Placemark id="103287">
                    <name>Shift 3_P1_Flat148</name>
                    <description>Shift: Shift 3
Type: Plan Path
Length: 5.6 m</description>
                    <styleUrl>#103288</styleUrl>
                    <LineString id="103286">
                        <altitudeMode>relativeToGround</altitudeMode>
                        <coordinates>85.48673399990133,22.12494032905816,3.0 85.4867678332998,22.12490100056065,3.0</coordinates>
                    </LineString>
                </Placemark>
                <Placemark id="103295">
                    <name>Shift 3_P1_Flat150</name>
                    <description>Shift: Shift 3
Type: Plan Path
Length: 16.1 m</description>
                    <styleUrl>#103296</styleUrl>
                    <LineString id="103294">
                        <altitudeMode>relativeToGround</altitudeMode>
                        <coordinates>85.48713249988924,22.124444165046125,3.0 85.48723616681538,22.12433499664491,3.0</coordinates>
                    </LineString>
                </Placemark>
                <Placemark id="103303">
                    <name>Shift 3_P1_Flat152</name>
                    <description>Shift: Shift 3
Type: Plan Path
Length: 23.7 m</description>
                    <styleUrl>#103304</styleUrl>
                    <LineString id="103302">
                        <altitudeMode>relativeToGround</altitudeMode>
                        <coordinates>85.48810783338517,22.124554334342243,3.0 85.48833666687018,22.124534496393228,3.0</coordinates>
                    </LineString>
                </Placemark>
                <Placemark id="103311">
                    <name>Shift 3_P1_Flat154</name>
                    <description>Shift: Shift 3
Type: Plan Path
Length: 99.0 m</description>
                    <styleUrl>#103312</styleUrl>
                    <LineString id="103310">
                        <altitudeMode>relativeToGround</altitudeMode>
                        <coordinates>85.4895473332215,22.124276996136526,3.0 85.4898000000778,22.124251496686476,3.0 85.49005316693822,22.12422482728365,3.0 85.49029549972177,22.1242091668554,3.0 85.49050316630219,22.124195000977576,3.0</coordinates>
                    </LineString>
                </Placemark>
                <Placemark id="103323">
                    <name>Shift 3_P1_Flat156</name>
                    <description>Shift: Shift 3
Type: Plan Path
Length: 16.5 m</description>
                    <styleUrl>#103324</styleUrl>
                    <LineString id="103322">
                        <altitudeMode>relativeToGround</altitudeMode>
                        <coordinates>85.49085833344618,22.124235497347712,3.0 85.49098999973648,22.124319494368258,3.0</coordinates>
                    </LineString>
                </Placemark>
                <Placemark id="103331">
                    <name>Shift 3_P1_Flat158</name>
                    <description>Shift: Shift 3
Type: Plan Path
Length: 20.0 m</description>
                    <styleUrl>#103332</styleUrl>
                    <LineString id="103330">
                        <altitudeMode>relativeToGround</altitudeMode>
                        <coordinates>85.49263633325594,22.12524583450849,3.0 85.49277449954226,22.12537266657627,3.0</coordinates>
                    </LineString>
                </Placemark>
                <Placemark id="103339">
                    <name>Shift 3_P1_Flat160</name>
                    <description>Shift: Shift 3
Type: Plan Path
Length: 20.1 m</description>
                    <styleUrl>#103340</styleUrl>
                    <LineString id="103338">
                        <altitudeMode>relativeToGround</altitudeMode>
                        <coordinates>85.49322833323335,22.125737167960246,3.0 85.49336983364815,22.125861329719765,3.0</coordinates>
                    </LineString>
                </Placemark>
                <Placemark id="103347">
                    <name>Shift 3_P1_Flat162</name>
                    <description>Shift: Shift 3
Type: Plan Path
Length: 99.2 m</description>
                    <styleUrl>#103348</styleUrl>
                    <LineString id="103346">
                        <altitudeMode>relativeToGround</altitudeMode>
                        <coordinates>85.49381716665332,22.126265502136402,3.0 85.49393116625193,22.126372835642066,3.0 85.49407666689818,22.126502001444646,3.0 85.49423150032108,22.126628164217237,3.0 85.49438416658661,22.126746828220238,3.0 85.49452633343783,22.126869495862273,3.0</coordinates>
                    </LineString>
                </Placemark>
                <Placemark id="103355">
                    <name>Shift 3_P1_Flat164</name>
                    <description>Shift: Shift 3
Type: Plan Path
Length: 18.4 m</description>
                    <styleUrl>#103356</styleUrl>
                    <LineString id="103354">
                        <altitudeMode>relativeToGround</altitudeMode>
                        <coordinates>85.49502200026113,22.127348996825237,3.0 85.49512816655162,22.127483001623624,3.0</coordinates>
                    </LineString>
                </Placemark>
                <Placemark id="103363">
                    <name>Shift 3_P1_Flat166</name>
                    <description>Shift: Shift 3
Type: Plan Path
Length: 43.8 m</description>
                    <styleUrl>#103364</styleUrl>
                    <LineString id="103362">
                        <altitudeMode>relativeToGround</altitudeMode>
                        <coordinates>85.49554000017548,22.128027166372668,3.0 85.49565983306698,22.12816166715052,3.0 85.49581999988469,22.12832433158159,3.0</coordinates>
                    </LineString>
                </Placemark>
                <Placemark id="103371">
                    <name>Shift 3_P1_Flat168</name>
                    <description>Shift: Shift 3
Type: Plan Path
Length: 165.0 m</description>
                    <styleUrl>#103372</styleUrl>
                    <LineString id="103370">
                        <altitudeMode>relativeToGround</altitudeMode>
                        <coordinates>85.49622833376147,22.129205001615368,3.0 85.49638600023846,22.129385661722537,3.0 85.49657116713678,22.12956349504155,3.0 85.49675133352493,22.129752165891322,3.0 85.49688099994134,22.129968000922684,3.0 85.49696150000221,22.130201330028722,3.0 85.4970455001997,22.130453830528793,3.0</coordinates>
                    </LineString>
                </Placemark>
                <Placemark id="103379">
                    <name>Shift 3_P1_Flat170</name>
                    <description>Shift: Shift 3
Type: Plan Path
Length: 153.4 m</description>
                    <styleUrl>#103380</styleUrl>
                    <LineString id="103378">
                        <altitudeMode>relativeToGround</altitudeMode>
                        <coordinates>85.49721133378,22.13093433425216,3.0 85.49729850015855,22.131154835676746,3.0 85.49740916657946,22.131373665702025,3.0 85.49752433377442,22.13159183258823,3.0 85.49764116675811,22.13180616702905,3.0 85.49772550028806,22.13200283334657,3.0 85.49777916654678,22.13221016434372,3.0</coordinates>
                    </LineString>
                </Placemark>
                <Placemark id="103387">
                    <name>Shift 3_P1_Flat172</name>
                    <description>Shift: Shift 3
Type: Plan Path
Length: 51.4 m</description>
                    <styleUrl>#103388</styleUrl>
                    <LineString id="103386">
                        <altitudeMode>relativeToGround</altitudeMode>
                        <coordinates>85.49403733332971,22.13527583486693,3.0 85.49377983366767,22.135281000073423,3.0 85.49353883323833,22.135285829457118,3.0</coordinates>
                    </LineString>
                </Placemark>
                <Placemark id="103395">
                    <name>Shift 3_P1_Flat174</name>
                    <description>Shift: Shift 3
Type: Plan Path
Length: 24.2 m</description>
                    <styleUrl>#103396</styleUrl>
                    <LineString id="103394">
                        <altitudeMode>relativeToGround</altitudeMode>
                        <coordinates>85.49247633382093,22.1348286629318,3.0 85.49252916657349,22.134615666764784,3.0</coordinates>
                    </LineString>
                </Placemark>
                <Placemark id="103403">
                    <name>Shift 3_P1_Flat176</name>
                    <description>Shift: Shift 3
Type: Plan Path
Length: 45.5 m</description>
                    <styleUrl>#103404</styleUrl>
                    <LineString id="103402">
                        <altitudeMode>relativeToGround</altitudeMode>
                        <coordinates>85.49282099980815,22.133361834556858,3.0 85.49278433326934,22.133172001044212,3.0 85.49268750043483,22.132973663504,3.0</coordinates>
                    </LineString>
                </Placemark>
                <Placemark id="103411">
                    <name>Shift 3_P1_Flat178</name>
                    <description>Shift: Shift 3
Type: Plan Path
Length: 24.2 m</description>
                    <styleUrl>#103412</styleUrl>
                    <LineString id="103410">
                        <altitudeMode>relativeToGround</altitudeMode>
                        <coordinates>85.49221383317605,22.132524661376898,3.0 85.4919869996535,22.132468995681474,3.0</coordinates>
                    </LineString>
                </Placemark>
                <Placemark id="103419">
                    <name>Shift 3_P1_Flat180</name>
                    <description>Shift: Shift 3
Type: Plan Path
Length: 35.5 m</description>
                    <styleUrl>#103420</styleUrl>
                    <LineString id="103418">
                        <altitudeMode>relativeToGround</altitudeMode>
                        <coordinates>85.49126433370532,22.132480497966043,3.0 85.4910963332178,22.13251966170077,3.0 85.49093233328719,22.13256349575061,3.0</coordinates>
                    </LineString>
                </Placemark>
                <Placemark id="103427">
                    <name>Shift 3_P1_Flat182</name>
                    <description>Shift: Shift 3
Type: Plan Path
Length: 0.6 m</description>
                    <styleUrl>#103428</styleUrl>
                    <LineString id="103426">
                        <altitudeMode>relativeToGround</altitudeMode>
                        <coordinates>85.49053216656021,22.133170829588416,3.0 85.4905313333299,22.133176331499097,3.0</coordinates>
                    </LineString>
                </Placemark>
                <Placemark id="103435">
                    <name>Shift 3_P1_Flat184</name>
                    <description>Shift: Shift 3
Type: Plan Path
Length: 7.0 m</description>
                    <styleUrl>#103436</styleUrl>
                    <LineString id="103434">
                        <altitudeMode>relativeToGround</altitudeMode>
                        <coordinates>85.49080733365888,22.132993499088194,3.0 85.49074333338146,22.132972331938046,3.0</coordinates>
                    </LineString>
                </Placemark>
                <Placemark id="103443">
                    <name>Shift 3_P1_Flat186</name>
                    <description>Shift: Shift 3
Type: Plan Path
Length: 19.0 m</description>
                    <styleUrl>#103444</styleUrl>
                    <LineString id="103442">
                        <altitudeMode>relativeToGround</altitudeMode>
                        <coordinates>85.49256000020996,22.13386099805902,3.0 85.49250016673886,22.134023493985833,3.0</coordinates>
                    </LineString>
                </Placemark>
                <Placemark id="103451">
                    <name>Shift 3_P1_Flat188</name>
                    <description>Shift: Shift 3
Type: Plan Path
Length: 79.3 m</description>
                    <styleUrl>#103452</styleUrl>
                    <LineString id="103450">
                        <altitudeMode>relativeToGround</altitudeMode>
                        <coordinates>85.49239266678354,22.134341327260504,3.0 85.49233499975664,22.134523668715474,3.0 85.49226650030869,22.134706497142908,3.0 85.49222950001413,22.134864994903282,3.0 85.49227749959063,22.13502966120957,3.0</coordinates>
                    </LineString>
                </Placemark>
                <Placemark id="103459">
                    <name>Shift 3_P1_Flat190</name>
                    <description>Shift: Shift 3
Type: Plan Path
Length: 209.7 m</description>
                    <styleUrl>#103460</styleUrl>
                    <LineString id="103458">
                        <altitudeMode>relativeToGround</altitudeMode>
                        <coordinates>85.4931364998525,22.13526699477091,3.0 85.49341483346434,22.135267668040957,3.0 85.49368749950361,22.13527600198935,3.0 85.49393983315206,22.13527983044918,3.0 85.49417383355608,22.135280328079673,3.0 85.49437033345441,22.13524983321311,3.0 85.49455116664117,22.135244501709987,3.0 85.49477016631992,22.13525749609483,3.0 85.49497966644022,22.13531316087161,3.0 85.49512566686566,22.135407331025185,3.0</coordinates>
                    </LineString>
                </Placemark>
                <Placemark id="103467">
                    <name>Shift 3_P1_Flat192</name>
                    <description>Shift: Shift 3
Type: Plan Path
Length: 13.7 m</description>
                    <styleUrl>#103468</styleUrl>
                    <LineString id="103466">
                        <altitudeMode>relativeToGround</altitudeMode>
                        <coordinates>85.49766416637193,22.133367329535634,3.0 85.49771416660451,22.13325233145526,3.0</coordinates>
                    </LineString>
                </Placemark>
                <Placemark id="103475">
                    <name>Shift 3_P1_Flat194</name>
                    <description>Shift: Shift 3
Type: Plan Path
Length: 45.6 m</description>
                    <styleUrl>#103476</styleUrl>
                    <LineString id="103474">
                        <altitudeMode>relativeToGround</altitudeMode>
                        <coordinates>85.49783866700237,22.132903498524787,3.0 85.4978914999438,22.132719999273146,3.0 85.49793533362606,22.132501995513742,3.0</coordinates>
                    </LineString>
                </Placemark>
                <Placemark id="103483">
                    <name>Shift 3_P1_Flat196</name>
                    <description>Shift: Shift 3
Type: Plan Path
Length: 24.0 m</description>
                    <styleUrl>#103484</styleUrl>
                    <LineString id="103482">
                        <altitudeMode>relativeToGround</altitudeMode>
                        <coordinates>85.49785233355597,22.131892001754277,3.0 85.49776049998685,22.131693161958733,3.0</coordinates>
                    </LineString>
                </Placemark>
                <Placemark id="103491">
                    <name>Shift 3_P1_Flat198</name>
                    <description>Shift: Shift 3
Type: Plan Path
Length: 28.8 m</description>
                    <styleUrl>#103492</styleUrl>
                    <LineString id="103490">
                        <altitudeMode>relativeToGround</altitudeMode>
                        <coordinates>85.49692283294833,22.13009732963024,3.0 85.49677283340263,22.129877829961593,3.0</coordinates>
                    </LineString>
                </Placemark>
                <Placemark id="103499">
                    <name>Shift 3_P1_Flat200</name>
                    <description>Shift: Shift 3
Type: Plan Path
Length: 130.4 m</description>
                    <styleUrl>#103500</styleUrl>
                    <LineString id="103498">
                        <altitudeMode>relativeToGround</altitudeMode>
                        <coordinates>85.4960990002898,22.128795663737762,3.0 85.49600449983214,22.1285841624971,3.0 85.4959029999455,22.12836082777616,3.0 85.49578583337713,22.128141331811864,3.0 85.49564833337263,22.127941835294813,3.0 85.495488166883,22.127774997853017,3.0</coordinates>
                    </LineString>
                </Placemark>
                <Placemark id="103507">
                    <name>Shift 3_P1_Flat202</name>
                    <description>Shift: Shift 3
Type: Plan Path
Length: 58.6 m</description>
                    <styleUrl>#103508</styleUrl>
                    <LineString id="103506">
                        <altitudeMode>relativeToGround</altitudeMode>
                        <coordinates>85.49399483321842,22.126259500204316,3.0 85.49389000034277,22.12616366799651,3.0 85.49379766705863,22.126074327783183,3.0 85.49369449984448,22.125982331440973,3.0 85.49359766715895,22.125881830993563,3.0</coordinates>
                    </LineString>
                </Placemark>
                <Placemark id="103515">
                    <name>Shift 3_P1_Flat204</name>
                    <description>Shift: Shift 3
Type: Plan Path
Length: 61.4 m</description>
                    <styleUrl>#103516</styleUrl>
                    <LineString id="103514">
                        <altitudeMode>relativeToGround</altitudeMode>
                        <coordinates>85.4933950000547,22.12568166814092,3.0 85.49327183362313,22.12559366886277,3.0 85.49312233357755,22.125453500425404,3.0 85.492959999746,22.12530449732862,3.0</coordinates>
                    </LineString>
                </Placemark>
                <Placemark id="103523">
                    <name>Shift 3_P1_Flat206</name>
                    <description>Shift: Shift 3
Type: Plan Path
Length: 22.4 m</description>
                    <styleUrl>#103524</styleUrl>
                    <LineString id="103522">
                        <altitudeMode>relativeToGround</altitudeMode>
                        <coordinates>85.49262049976694,22.125016831049248,3.0 85.49245299964065,22.124888002821077,3.0</coordinates>
                    </LineString>
                </Placemark>
                <Placemark id="103531">
                    <name>Shift 3_P1_Flat208</name>
                    <description>Shift: Shift 3
Type: Plan Path
Length: 27.2 m</description>
                    <styleUrl>#103532</styleUrl>
                    <LineString id="103530">
                        <altitudeMode>relativeToGround</altitudeMode>
                        <coordinates>85.49139033314108,22.124390827467572,3.0 85.4911460003883,22.124297669491824,3.0</coordinates>
                    </LineString>
                </Placemark>
                <Placemark id="103539">
                    <name>Shift 3_P1_Flat210</name>
                    <description>Shift: Shift 3
Type: Plan Path
Length: 30.0 m</description>
                    <styleUrl>#103540</styleUrl>
                    <LineString id="103538">
                        <altitudeMode>relativeToGround</altitudeMode>
                        <coordinates>85.48988250037618,22.124377996703842,3.0 85.48959633297736,22.124428666050477,3.0</coordinates>
                    </LineString>
                </Placemark>
                <Placemark id="103547">
                    <name>Shift 3_P1_Flat212</name>
                    <description>Shift: Shift 3
Type: Plan Path
Length: 19.2 m</description>
                    <styleUrl>#103548</styleUrl>
                    <LineString id="103546">
                        <altitudeMode>relativeToGround</altitudeMode>
                        <coordinates>85.48834016676469,22.124616161489737,3.0 85.48815466640933,22.12463200210955,3.0</coordinates>
                    </LineString>
                </Placemark>
                <Placemark id="103555">
                    <name>Shift 3_P1_Flat214</name>
                    <description>Shift: Shift 3
Type: Plan Path
Length: 0.5 m</description>
                    <styleUrl>#103556</styleUrl>
                    <LineString id="103554">
                        <altitudeMode>relativeToGround</altitudeMode>
                        <coordinates>85.48519883287906,22.123695829782527,3.0 85.48519683357001,22.123699496349232,3.0</coordinates>
                    </LineString>
                </Placemark>
                <Placemark id="103567">
                    <name>Shift 3_P2_Flat217</name>
                    <description>Shift: Shift 3
Type: Plan Path
Length: 0.4 m</description>
                    <styleUrl>#103568</styleUrl>
                    <LineString id="103566">
                        <altitudeMode>relativeToGround</altitudeMode>
                        <coordinates>85.48515816634334,22.123702669111726,3.0 85.4851595003331,22.123705833712297,3.0</coordinates>
                    </LineString>
                </Placemark>
                <Placemark id="103575">
                    <name>Shift 3_P2_Flat219</name>
                    <description>Shift: Shift 3
Type: Plan Path
Length: 0.3 m</description>
                    <styleUrl>#103576</styleUrl>
                    <LineString id="103574">
                        <altitudeMode>relativeToGround</altitudeMode>
                        <coordinates>85.48515900011128,22.123708827745602,3.0 85.4851581671223,22.123711665144356,3.0</coordinates>
                    </LineString>
                </Placemark>
            </Folder>
            <Folder id="102689">
                <Style id="103216">
                    <LineStyle id="103217">
                        <color>ff008000</color>
                        <colorMode>normal</colorMode>
                        <width>1.5</width>
                    </LineStyle>
                </Style>
                <Style id="103316">
                    <LineStyle id="103317">
                        <color>ff008000</color>
                        <colorMode>normal</colorMode>
                        <width>1.5</width>
                    </LineStyle>
                </Style>
                <name>Detected Bumps (Hazards)</name>
                <Placemark id="103215">
                    <name>BUMP_Shift 3_1_5</name>
                    <description>Shift: Shift 3
HAZARD: Bump &gt; 1 m
Height: 1.40 m
Span: 90.3 m</description>
                    <styleUrl>#103216</styleUrl>
                    <LineString id="103214">
                        <altitudeMode>relativeToGround</altitudeMode>
                        <coordinates>85.48641383349249,22.117873832109705,5.0 85.48654533318356,22.11800850127306,5.0 85.48670283319022,22.118167328490554,5.0 85.48689016703757,22.118315665706753,5.0 85.48706833351326,22.11840383581543,5.0</coordinates>
                    </LineString>
                </Placemark>
                <Placemark id="103315">
                    <name>BUMP_Shift 3_1_4</name>
                    <description>Shift: Shift 3
HAZARD: Bump &gt; 1 m
Height: 1.20 m
Span: 99.0 m</description>
                    <styleUrl>#103316</styleUrl>
                    <LineString id="103314">
                        <altitudeMode>relativeToGround</altitudeMode>
                        <coordinates>85.4895473332215,22.124276996136526,5.0 85.4898000000778,22.124251496686476,5.0 85.49005316693822,22.12422482728365,5.0 85.49029549972177,22.1242091668554,5.0 85.49050316630219,22.124195000977576,5.0</coordinates>
                    </LineString>
                </Placemark>
            </Folder>
        </Folder>
    </Document>
</kml>
